host_time_ms,arduino_time_ms,ax,ay,az,gx,gy,gz
1777399149088,1775373,-0.78,-0.50,-0.35,3.36,-17.27,-26.25
1777399149089,1775383,-0.81,-0.51,-0.28,4.27,-3.05,-20.51
1777399149089,1775393,-0.82,-0.52,-0.25,1.89,5.13,-16.11
1777399149089,1775403,-0.82,-0.52,-0.23,-0.67,9.52,-14.95
1777399149089,1775413,-0.81,-0.52,-0.20,-3.11,11.05,-14.89
1777399149089,1775423,-0.83,-0.52,-0.17,-4.88,8.91,-31.25
1777399149090,1775443,-0.81,-0.52,-0.20,2.14,-8.67,-30.27
1777399149090,1775463,-0.73,-0.51,-0.21,9.28,-4.52,-22.16
1777399149090,1775483,-0.79,-0.53,-0.16,9.34,-0.24,-14.89
1777399149091,1775503,-0.77,-0.53,-0.15,0.98,-0.18,-8.30
1777399149091,1775513,-0.79,-0.55,-0.15,-4.21,0.61,-4.33
1777399149091,1775523,-0.81,-0.55,-0.15,-8.00,0.00,-2.38
1777399149091,1775533,-0.83,-0.55,-0.18,-9.89,-1.95,-3.23
1777399149092,1775543,-0.83,-0.56,-0.21,-10.13,-2.38,-6.96
1777399149093,1775553,-0.84,-0.55,-0.22,-6.96,-0.98,-10.50
1777399149093,1775563,-0.83,-0.55,-0.24,-2.14,0.79,-13.06
1777399149094,1775573,-0.82,-0.55,-0.24,2.75,2.32,-14.95
1777399149094,1775583,-0.81,-0.54,-0.22,5.92,4.03,-15.75
1777399149094,1775593,-0.80,-0.54,-0.21,6.41,5.62,-15.44
1777399149095,1775603,-0.78,-0.54,-0.20,4.82,6.90,-13.98
1777399149095,1775613,-0.77,-0.54,-0.19,3.23,7.39,-11.29
1777399149095,1775623,-0.76,-0.54,-0.18,1.34,7.02,-8.24
1777399149096,1775633,-0.77,-0.53,-0.15,-1.83,5.55,-6.23
1777399149096,1775643,-0.79,-0.54,-0.17,-5.00,2.38,-4.82
1777399149096,1775653,-0.80,-0.53,-0.20,-5.55,-1.65,-4.88
1777399149096,1775663,-0.83,-0.53,-0.22,-2.26,-4.27,-5.13
1777399149097,1775673,-0.85,-0.53,-0.23,2.38,-5.07,-6.23
1777399149097,1775683,-0.85,-0.53,-0.23,5.43,-5.13,-9.09
1777399149097,1775693,-0.83,-0.53,-0.24,7.08,-4.21,-12.21
1777399149097,1775703,-0.81,-0.53,-0.24,7.45,-1.95,-13.73
1777399149098,1775713,-0.80,-0.53,-0.22,6.59,1.04,-13.55
1777399149098,1775723,-0.79,-0.54,-0.20,4.76,3.66,-12.27
1777399149098,1775733,-0.76,-0.55,-0.21,1.83,4.70,-11.11
1777399149099,1775743,-0.75,-0.56,-0.22,0.43,5.49,-9.16
1777399149099,1775753,-0.74,-0.55,-0.22,0.55,5.74,-6.53
1777399149099,1775763,-0.73,-0.55,-0.22,0.43,5.13,-4.76
1777399149099,1775773,-0.76,-0.54,-0.22,0.12,4.70,-2.38
1777399149100,1775793,-0.80,-0.54,-0.24,0.73,0.18,-5.25
1777399149100,1775813,-0.80,-0.54,-0.25,2.50,-1.59,-9.46
1777399149100,1775833,-0.78,-0.54,-0.22,3.11,-3.66,-8.54
1777399149100,1775853,-0.77,-0.54,-0.22,1.04,-6.96,-4.27
1777399149101,1775863,-0.76,-0.54,-0.23,-0.49,-7.93,-1.77
1777399149101,1775873,-0.77,-0.54,-0.24,-1.77,-7.45,0.85
1777399149101,1775883,-0.80,-0.54,-0.25,-1.59,-5.68,1.77
1777399149101,1775893,-0.81,-0.53,-0.25,-0.12,-3.42,-0.31
1777399149101,1775903,-0.81,-0.53,-0.25,1.22,-1.34,-4.27
1777399149102,1775913,-0.80,-0.53,-0.26,2.08,0.24,-6.90
1777399149102,1775923,-0.80,-0.53,-0.26,2.50,2.14,-8.12
1777399149102,1775933,-0.78,-0.53,-0.26,2.50,4.21,-8.30
1777399149102,1775943,-0.77,-0.54,-0.27,2.38,5.98,-8.00
1777399149103,1775953,-0.78,-0.54,-0.26,2.75,7.63,-7.20
1777399149103,1775963,-0.77,-0.54,-0.25,2.99,8.24,-6.23
1777399149103,1775973,-0.75,-0.54,-0.24,2.14,7.32,-5.92
1777399149104,1775983,-0.74,-0.53,-0.23,0.61,5.55,-4.70
1777399149104,1775993,-0.74,-0.53,-0.24,-0.98,3.42,-1.95
1777399149104,1776003,-0.75,-0.52,-0.25,-2.08,1.53,0.31
1777399149104,1776013,-0.77,-0.52,-0.25,-2.44,-0.12,1.28
1777399149105,1776023,-0.78,-0.52,-0.27,-2.01,-1.53,1.34
1777399149105,1776033,-0.80,-0.52,-0.28,-0.31,-2.69,-0.43
1777399149105,1776043,-0.80,-0.52,-0.27,2.62,-3.97,-2.93
1777399149105,1776053,-0.79,-0.52,-0.27,4.94,-5.62,-5.25
1777399149105,1776063,-0.77,-0.51,-0.27,5.68,-6.29,-6.84
1777399149106,1776073,-0.76,-0.51,-0.27,5.62,-6.16,-6.77
1777399149106,1776083,-0.75,-0.50,-0.26,5.25,-5.07,-5.80
1777399149106,1776093,-0.75,-0.49,-0.25,4.88,-4.21,-4.15
1777399149106,1776103,-0.75,-0.49,-0.25,4.33,-3.97,-2.50
1777399149106,1776113,-0.74,-0.49,-0.26,3.42,-3.91,-1.16
1777399149107,1776133,-0.74,-0.50,-0.27,3.85,-0.92,0.55
1777399149107,1776153,-0.77,-0.50,-0.27,8.06,0.49,-1.89
1777399149107,1776173,-0.77,-0.49,-0.25,11.05,2.20,-3.72
1777399149107,1776193,-0.77,-0.48,-0.24,10.68,3.05,-3.54
1777399149107,1776203,-0.79,-0.49,-0.23,9.16,2.62,-2.01
1777399149108,1776213,-0.80,-0.50,-0.24,7.63,0.18,-1.46
1777399149108,1776223,-0.81,-0.50,-0.25,7.75,-3.36,-1.46
1777399149108,1776233,-0.80,-0.50,-0.27,8.97,-6.29,-2.14
1777399149108,1776243,-0.81,-0.50,-0.27,10.93,-7.93,-2.87
1777399149109,1776253,-0.80,-0.49,-0.27,13.49,-8.54,-3.66
1777399149109,1776263,-0.79,-0.49,-0.27,14.95,-8.24,-4.70
1777399149109,1776273,-0.78,-0.49,-0.28,15.44,-6.84,-5.07
1777399149109,1776283,-0.78,-0.49,-0.28,15.38,-5.00,-4.52
1777399149110,1776293,-0.77,-0.48,-0.29,14.95,-2.81,-3.72
1777399149110,1776303,-0.78,-0.48,-0.29,14.47,-0.12,-2.87
1777399149110,1776313,-0.79,-0.48,-0.28,14.53,1.83,-1.83
1777399149110,1776323,-0.81,-0.49,-0.27,15.44,2.32,-1.28
1777399149110,1776333,-0.82,-0.49,-0.26,16.54,1.46,-2.75
1777399149111,1776343,-0.82,-0.50,-0.24,17.27,-0.24,-5.74
1777399149111,1776353,-0.81,-0.50,-0.23,17.33,-2.56,-8.48
1777399149111,1776363,-0.80,-0.49,-0.21,16.66,-5.62,-9.77
1777399149111,1776373,-0.79,-0.49,-0.19,14.65,-9.03,-9.89
1777399149111,1776383,-0.77,-0.48,-0.21,11.54,-12.15,-8.91
1777399149112,1776393,-0.75,-0.50,-0.25,9.83,-13.06,-5.98
1777399149112,1776403,-0.73,-0.50,-0.26,11.05,-11.41,-2.14
1777399149112,1776413,-0.73,-0.50,-0.26,13.06,-8.85,1.04
1777399149112,1776423,-0.73,-0.52,-0.25,15.32,-6.65,2.26
1777399149113,1776433,-0.73,-0.51,-0.22,18.13,-6.16,2.08
1777399149113,1776443,-0.73,-0.50,-0.19,19.53,-8.12,2.99
1777399149113,1776453,-0.73,-0.50,-0.18,18.86,-11.41,4.46
1777399149113,1776463,-0.73,-0.49,-0.17,17.03,-14.89,8.67
1777399149113,1776483,-0.77,-0.47,-0.17,11.72,-21.85,12.27
1777399149113,1776503,-0.79,-0.49,-0.17,10.86,-23.80,7.69
1777399149114,1776523,-0.78,-0.50,-0.17,9.77,-22.83,2.01
1777399149114,1776543,-0.79,-0.52,-0.19,6.84,-19.59,0.55
1777399149114,1776553,-0.80,-0.52,-0.18,6.04,-18.92,0.85
1777399149114,1776563,-0.81,-0.53,-0.18,5.31,-19.90,2.14
1777399149114,1776573,-0.82,-0.54,-0.19,5.55,-21.79,3.66
1777399149115,1776583,-0.84,-0.55,-0.20,7.57,-23.74,4.39
1777399149115,1776593,-0.86,-0.55,-0.19,10.07,-25.94,3.60
1777399149115,1776603,-0.86,-0.55,-0.18,12.15,-28.50,2.01
1777399149115,1776613,-0.86,-0.55,-0.18,13.61,-31.19,1.22
1777399149115,1776623,-0.85,-0.56,-0.18,15.44,-32.78,1.83
1777399149115,1776633,-0.84,-0.56,-0.17,17.40,-33.08,3.42
1777399149116,1776643,-0.84,-0.56,-0.15,18.07,-32.41,5.37
1777399149116,1776653,-0.84,-0.56,-0.13,17.58,-31.98,6.71
1777399149116,1776663,-0.85,-0.54,-0.13,16.30,-32.17,8.12
1777399149116,1776673,-0.86,-0.53,-0.14,14.83,-32.10,9.16
1777399149116,1776683,-0.88,-0.52,-0.14,13.18,-30.76,8.97
1777399149116,1776693,-0.90,-0.52,-0.15,12.27,-27.89,8.36
1777399149117,1776703,-0.91,-0.52,-0.16,11.47,-24.17,6.77
1777399149117,1776713,-0.92,-0.51,-0.15,11.17,-19.96,4.64
1777399149117,1776723,-0.92,-0.51,-0.14,11.66,-16.60,2.99
1777399149117,1776733,-0.92,-0.52,-0.13,12.57,-14.77,2.20
1777399149117,1776743,-0.91,-0.52,-0.11,13.79,-14.53,1.53
1777399149118,1776753,-0.91,-0.53,-0.09,13.98,-15.93,0.43
1777399149118,1776763,-0.90,-0.54,-0.07,12.88,-18.98,-1.22
1777399149118,1776773,-0.89,-0.54,-0.07,11.96,-22.89,-2.26
1777399149118,1776783,-0.88,-0.54,-0.08,11.05,-26.25,-2.56
1777399149118,1776793,-0.86,-0.53,-0.10,10.38,-27.47,-2.69
1777399149119,1776803,-0.86,-0.52,-0.12,10.38,-25.45,-2.38
1777399149119,1776823,-0.88,-0.52,-0.10,14.71,-12.76,-0.18
1777399149119,1776843,-0.89,-0.53,-0.05,17.46,-11.11,-4.64
1777399149119,1776863,-0.85,-0.53,-0.03,14.71,-13.79,-7.02
1777399149119,1776883,-0.82,-0.52,-0.02,11.41,-16.72,-5.74
1777399149119,1776893,-0.82,-0.53,-0.01,9.40,-17.40,-4.27
1777399149120,1776903,-0.81,-0.53,0.01,7.08,-18.07,-3.05
1777399149120,1776913,-0.82,-0.51,0.00,5.07,-19.35,-1.71
1777399149120,1776923,-0.82,-0.52,-0.01,3.60,-20.02,-0.37
1777399149120,1776933,-0.83,-0.52,-0.02,3.11,-18.92,-1.10
1777399149120,1776943,-0.84,-0.50,-0.02,4.21,-17.27,-2.99
1777399149121,1776953,-0.83,-0.49,-0.01,4.76,-14.95,-3.85
1777399149121,1776963,-0.83,-0.50,0.00,3.91,-12.88,-3.11
1777399149121,1776973,-0.83,-0.50,0.01,2.26,-12.15,-2.14
1777399149121,1776983,-0.83,-0.50,0.02,-0.06,-12.82,-0.55
1777399149121,1776993,-0.82,-0.50,0.02,-2.44,-14.34,1.40
1777399149121,1777003,-0.82,-0.50,0.02,-4.70,-16.24,3.17
1777399149122,1777013,-0.83,-0.50,0.02,-6.59,-18.37,4.94
1777399149122,1777023,-0.83,-0.50,0.01,-7.81,-20.08,6.35
1777399149122,1777033,-0.85,-0.50,0.00,-8.24,-20.94,6.84
1777399149122,1777043,-0.87,-0.49,-0.01,-7.81,-20.39,4.70
1777399149123,1777053,-0.88,-0.48,-0.01,-6.41,-18.74,1.77
1777399149123,1777063,-0.88,-0.48,-0.00,-4.70,-16.60,-0.12
1777399149123,1777073,-0.88,-0.48,0.00,-3.78,-14.71,-0.85
1777399149123,1777083,-0.88,-0.47,0.01,-3.97,-13.06,-1.04
1777399149123,1777093,-0.89,-0.47,0.00,-4.70,-11.72,-0.98
1777399149124,1777103,-0.89,-0.47,0.01,-5.07,-10.99,-1.34
1777399149124,1777113,-0.89,-0.46,0.01,-4.88,-11.84,-1.89
1777399149124,1777123,-0.88,-0.47,0.01,-4.76,-13.55,-2.93
1777399149124,1777133,-0.86,-0.47,0.01,-4.64,-15.20,-4.39
1777399149124,1777143,-0.85,-0.48,0.00,-4.21,-16.11,-5.68
1777399149124,1777153,-0.84,-0.49,-0.00,-3.23,-15.99,-6.41
1777399149124,1777173,-0.84,-0.50,0.00,-2.14,-14.71,-5.07
1777399149125,1777193,-0.85,-0.51,-0.01,-1.04,-15.01,-6.90
1777399149125,1777213,-0.87,-0.50,0.01,1.16,-10.80,-5.74
1777399149125,1777233,-0.89,-0.51,0.02,1.59,-8.97,-4.52
1777399149125,1777243,-0.89,-0.50,0.02,0.67,-9.28,-4.46
1777399149125,1777253,-0.89,-0.49,0.02,-0.85,-9.83,-4.58
1777399149125,1777263,-0.90,-0.48,0.01,-2.14,-9.58,-4.58
1777399149126,1777273,-0.90,-0.48,0.00,-2.93,-8.85,-4.09
1777399149126,1777283,-0.92,-0.48,0.00,-2.93,-7.39,-4.39
1777399149126,1777293,-0.92,-0.47,-0.00,-1.89,-6.29,-6.29
1777399149126,1777303,-0.91,-0.47,-0.01,-0.79,-5.07,-8.67
1777399149126,1777313,-0.89,-0.47,0.00,-0.18,-3.85,-10.13
1777399149126,1777323,-0.88,-0.46,0.00,0.00,-3.54,-10.50
1777399149127,1777333,-0.88,-0.46,0.01,0.24,-3.78,-10.19
1777399149127,1777343,-0.87,-0.46,0.01,0.06,-4.46,-9.83
1777399149127,1777353,-0.86,-0.47,0.00,-0.43,-5.19,-10.44
1777399149127,1777363,-0.84,-0.47,-0.00,-0.85,-5.13,-11.05
1777399149127,1777373,-0.82,-0.48,0.00,-0.79,-4.52,-10.68
1777399149127,1777383,-0.81,-0.48,0.01,-0.55,-3.97,-9.58
1777399149128,1777393,-0.80,-0.49,0.01,-0.61,-3.97,-9.09
1777399149128,1777403,-0.80,-0.49,0.01,-0.73,-4.52,-8.79
1777399149128,1777413,-0.80,-0.50,0.01,-0.18,-5.55,-8.36
1777399149128,1777423,-0.80,-0.50,0.02,0.73,-7.02,-7.87
1777399149128,1777433,-0.80,-0.50,0.03,1.22,-8.36,-7.32
1777399149128,1777443,-0.80,-0.51,0.03,0.98,-9.77,-6.29
1777399149128,1777453,-0.80,-0.52,0.04,0.43,-11.05,-4.82
1777399149129,1777463,-0.81,-0.52,0.04,-0.37,-11.96,-3.54
1777399149129,1777473,-0.82,-0.52,0.05,-0.73,-12.76,-2.56
1777399149129,1777483,-0.84,-0.52,0.05,-1.04,-13.61,-1.77
1777399149129,1777493,-0.85,-0.52,0.05,-1.71,-14.04,-1.71
1777399149129,1777513,-0.87,-0.51,0.05,-5.37,-11.60,-0.98
1777399149129,1777533,-0.89,-0.49,0.02,-7.81,-8.79,-0.55
1777399149129,1777553,-0.91,-0.47,0.01,-7.51,-4.39,-0.55
1777399149130,1777573,-0.91,-0.46,-0.00,-7.02,-2.14,-3.11
1777399149130,1777583,-0.90,-0.46,-0.02,-7.20,-1.28,-3.17
1777399149130,1777593,-0.90,-0.45,-0.03,-7.57,-0.06,-3.11
1777399149130,1777603,-0.89,-0.45,-0.04,-7.26,1.34,-2.69
1777399149130,1777613,-0.89,-0.44,-0.05,-6.77,3.11,-1.95
1777399149130,1777623,-0.89,-0.44,-0.06,-5.74,4.64,-1.77
1777399149130,1777633,-0.89,-0.44,-0.06,-4.15,5.86,-1.89
1777399149131,1777643,-0.89,-0.43,-0.06,-2.38,6.59,-1.71
1777399149131,1777653,-0.88,-0.44,-0.06,-0.92,6.53,-1.28
1777399149131,1777663,-0.87,-0.44,-0.06,0.06,5.86,-2.01
1777399149131,1777673,-0.86,-0.44,-0.06,0.92,5.37,-3.05
1777399149131,1777683,-0.85,-0.44,-0.06,2.01,4.52,-2.81
1777399149131,1777693,-0.85,-0.44,-0.06,3.11,3.30,-2.44
1777399149131,1777703,-0.85,-0.45,-0.06,4.33,1.95,-2.38
1777399149132,1777713,-0.84,-0.45,-0.06,5.92,0.43,-2.26
1777399149132,1777723,-0.84,-0.45,-0.05,7.51,-0.61,-1.71
1777399149132,1777733,-0.84,-0.45,-0.04,8.67,-1.22,-0.98
1777399149132,1777743,-0.84,-0.45,-0.04,9.28,-1.77,-0.55
1777399149132,1777753,-0.83,-0.46,-0.03,9.58,-2.01,-0.18
1777399149132,1777763,-0.83,-0.47,-0.02,9.52,-1.89,0.24
1777399149133,1777773,-0.83,-0.47,-0.01,9.34,-2.08,0.67
1777399149133,1777783,-0.83,-0.47,-0.01,9.03,-2.69,0.67
1777399149133,1777793,-0.83,-0.48,-0.01,8.85,-3.54,0.37
1777399149133,1777803,-0.83,-0.48,-0.02,8.97,-3.91,0.24
1777399149133,1777813,-0.84,-0.49,-0.01,9.03,-3.97,0.06
1777399149134,1777823,-0.84,-0.50,-0.00,9.28,-4.46,-0.12
1777399149134,1777833,-0.85,-0.49,0.00,8.91,-5.19,-0.18
1777399149134,1777843,-0.85,-0.50,0.01,8.06,-5.86,0.49
1777399149134,1777863,-0.86,-0.49,0.00,4.64,-6.47,0.79
1777399149134,1777883,-0.88,-0.48,0.00,3.42,-5.55,0.79
1777399149134,1777903,-0.89,-0.46,-0.00,2.56,-5.55,-2.81
1777399149134,1777923,-0.88,-0.46,-0.00,1.34,-4.70,-4.76
1777399149134,1777933,-0.87,-0.46,-0.01,0.37,-4.33,-4.94
1777399149135,1777943,-0.86,-0.46,-0.01,-0.73,-4.03,-4.70
1777399149135,1777953,-0.86,-0.45,-0.01,-1.77,-4.03,-4.27
1777399149135,1777963,-0.85,-0.45,-0.02,-2.14,-4.33,-3.78
1777399149135,1777973,-0.85,-0.45,-0.02,-2.08,-4.58,-3.30
1777399149135,1777983,-0.85,-0.45,-0.02,-2.01,-5.19,-3.11
1777399149135,1777993,-0.85,-0.45,-0.02,-1.77,-5.80,-2.87
1777399149136,1778003,-0.85,-0.46,-0.02,-1.59,-6.53,-2.81
1777399149136,1778013,-0.85,-0.46,-0.02,-1.40,-7.20,-2.75
1777399149136,1778023,-0.85,-0.46,-0.01,-0.98,-7.93,-2.56
1777399149136,1778033,-0.85,-0.46,-0.01,-0.55,-8.85,-2.01
1777399149136,1778043,-0.86,-0.46,-0.00,-0.37,-9.64,-1.46
1777399149136,1778053,-0.86,-0.45,-0.00,-0.61,-10.25,-0.79
1777399149136,1778063,-0.87,-0.44,-0.00,-1.28,-10.19,0.24
1777399149137,1778073,-0.87,-0.44,-0.00,-1.83,-9.52,1.83
1777399149137,1778083,-0.88,-0.43,0.00,-2.56,-8.79,3.48
1777399149137,1778093,-0.90,-0.43,-0.01,-3.36,-8.54,3.66
1777399149137,1778103,-0.90,-0.43,-0.02,-3.66,-7.87,2.62
1777399149137,1778113,-0.90,-0.43,-0.02,-3.17,-6.84,1.28
1777399149137,1778123,-0.91,-0.42,-0.02,-2.01,-5.37,0.12
1777399149137,1778133,-0.91,-0.42,-0.02,-1.10,-3.85,-0.49
1777399149138,1778143,-0.92,-0.42,-0.02,-0.79,-3.05,-0.92
1777399149138,1778153,-0.92,-0.42,-0.02,-0.79,-2.69,-1.53
1777399149138,1778163,-0.92,-0.42,-0.03,-0.98,-2.32,-2.01
1777399149138,1778173,-0.92,-0.42,-0.04,-0.85,-1.28,-2.81
1777399149138,1778183,-0.92,-0.42,-0.04,-0.12,-0.43,-3.72
1777399149138,1778193,-0.91,-0.42,-0.04,0.73,0.55,-5.19
1777399149138,1778213,-0.90,-0.42,-0.05,4.15,1.77,-6.53
1777399149138,1778233,-0.87,-0.43,-0.03,6.29,0.92,-7.87
1777399149139,1778253,-0.85,-0.44,-0.02,7.39,-2.01,-8.61
1777399149139,1778263,-0.84,-0.45,-0.02,7.39,-4.03,-8.97
1777399149139,1778273,-0.82,-0.46,-0.02,7.63,-5.31,-9.09
1777399149139,1778283,-0.82,-0.46,-0.01,7.93,-5.98,-8.42
1777399149139,1778293,-0.82,-0.47,0.00,8.06,-6.41,-7.20
1777399149139,1778303,-0.82,-0.47,0.01,7.39,-6.71,-6.77
1777399149139,1778313,-0.82,-0.48,0.02,6.10,-7.20,-6.59
1777399149140,1778323,-0.82,-0.48,0.03,5.13,-7.87,-5.25
1777399149140,1778333,-0.83,-0.49,0.04,3.97,-8.61,-3.78
1777399149140,1778343,-0.84,-0.49,0.04,2.38,-9.22,-3.30
1777399149140,1778353,-0.85,-0.49,0.05,0.98,-9.70,-3.11
1777399149140,1778363,-0.86,-0.49,0.05,-0.24,-10.38,-2.32
1777399149140,1778373,-0.87,-0.48,0.04,-1.28,-10.93,-2.20
1777399149140,1778383,-0.88,-0.48,0.04,-2.44,-11.23,-2.87
1777399149141,1778393,-0.88,-0.47,0.03,-3.85,-10.74,-3.30
1777399149141,1778403,-0.89,-0.47,0.03,-5.62,-9.64,-3.05
1777399149141,1778413,-0.90,-0.46,0.02,-6.96,-8.36,-2.93
1777399149141,1778423,-0.91,-0.46,0.02,-7.81,-7.26,-2.62
1777399149141,1778433,-0.91,-0.45,0.01,-8.85,-6.10,-2.87
1777399149141,1778443,-0.91,-0.44,0.01,-10.07,-4.88,-3.23
1777399149141,1778453,-0.91,-0.44,-0.01,-10.93,-3.91,-3.48
1777399149142,1778463,-0.92,-0.43,-0.02,-11.17,-3.17,-3.36
1777399149142,1778473,-0.91,-0.43,-0.03,-10.99,-2.50,-3.30
1777399149142,1778483,-0.91,-0.43,-0.04,-10.62,-1.83,-3.72
1777399149142,1778493,-0.90,-0.43,-0.05,-9.83,-1.10,-3.97
1777399149142,1778503,-0.90,-0.42,-0.06,-9.03,-0.55,-3.85
1777399149143,1778513,-0.90,-0.42,-0.06,-8.30,-0.37,-3.85
1777399149143,1778523,-0.89,-0.42,-0.07,-7.63,-0.49,-4.27
1777399149143,1778533,-0.89,-0.41,-0.08,-7.02,-0.31,-3.97
1777399149143,1778553,-0.88,-0.40,-0.08,-3.85,2.01,-2.75
1777399149143,1778573,-0.88,-0.40,-0.09,-2.56,3.48,-2.01
1777399149143,1778593,-0.87,-0.41,-0.08,0.61,4.70,-1.59
1777399149143,1778613,-0.87,-0.42,-0.07,3.05,2.44,-1.34
1777399149144,1778623,-0.87,-0.42,-0.06,4.03,0.37,-1.16
1777399149144,1778633,-0.87,-0.42,-0.06,4.76,-1.71,-0.79
1777399149144,1778643,-0.87,-0.43,-0.06,5.07,-3.30,-0.92
1777399149144,1778653,-0.86,-0.43,-0.05,5.43,-3.97,-1.34
1777399149144,1778663,-0.86,-0.43,-0.05,5.55,-3.60,-1.34
1777399149144,1778673,-0.86,-0.44,-0.04,5.62,-2.56,-0.98
1777399149144,1778683,-0.86,-0.44,-0.04,5.55,-1.95,-0.79
1777399149144,1778693,-0.86,-0.44,-0.03,5.37,-1.53,-0.79
1777399149145,1778703,-0.87,-0.44,-0.03,5.13,-1.59,-0.92
1777399149145,1778713,-0.88,-0.44,-0.03,4.88,-1.59,-1.04
1777399149145,1778723,-0.88,-0.44,-0.02,5.00,-2.01,-1.65
1777399149145,1778733,-0.89,-0.44,-0.02,5.07,-3.23,-2.44
1777399149145,1778743,-0.89,-0.44,-0.02,4.64,-4.70,-3.23
1777399149145,1778753,-0.89,-0.44,-0.02,3.97,-5.31,-3.78
1777399149145,1778763,-0.89,-0.44,-0.03,3.48,-5.37,-3.97
1777399149146,1778773,-0.89,-0.44,-0.03,3.17,-4.88,-4.03
1777399149146,1778783,-0.88,-0.44,-0.03,3.05,-4.58,-4.03
1777399149146,1778793,-0.87,-0.44,-0.03,2.38,-4.52,-4.64
1777399149146,1778803,-0.87,-0.44,-0.04,1.53,-4.21,-4.82
1777399149146,1778813,-0.87,-0.44,-0.04,0.92,-3.85,-4.64
1777399149146,1778823,-0.88,-0.44,-0.05,0.61,-3.97,-4.88
1777399149146,1778833,-0.89,-0.44,-0.05,0.73,-4.27,-5.19
1777399149146,1778843,-0.89,-0.43,-0.05,0.85,-5.19,-5.43
1777399149147,1778853,-0.89,-0.42,-0.05,0.85,-6.16,-5.80
1777399149147,1778863,-0.89,-0.42,-0.06,0.79,-6.65,-6.10
1777399149147,1778873,-0.88,-0.42,-0.06,0.73,-6.41,-5.92
1777399149147,1778883,-0.88,-0.42,-0.07,0.67,-5.43,-5.00
1777399149147,1778903,-0.89,-0.41,-0.07,0.43,-3.05,-4.09
1777399149147,1778923,-0.90,-0.41,-0.08,1.16,-2.99,-3.66
1777399149147,1778943,-0.90,-0.40,-0.08,2.14,-3.11,-4.15
1777399149148,1778953,-0.90,-0.40,-0.08,2.50,-2.93,-5.13
1777399149148,1778963,-0.90,-0.40,-0.08,3.17,-2.56,-5.62
1777399149148,1778973,-0.90,-0.40,-0.08,3.72,-2.26,-5.98
1777399149148,1778983,-0.90,-0.40,-0.07,4.33,-2.08,-5.68
1777399149148,1778993,-0.89,-0.40,-0.07,5.13,-2.26,-4.88
1777399149148,1779003,-0.89,-0.40,-0.06,5.43,-2.62,-4.70
1777399149148,1779013,-0.88,-0.40,-0.06,5.43,-3.30,-4.33
1777399149148,1779023,-0.88,-0.41,-0.07,5.37,-3.60,-4.39
1777399149149,1779033,-0.87,-0.41,-0.07,5.55,-3.30,-4.88
1777399149149,1779043,-0.86,-0.41,-0.06,5.98,-2.87,-5.37
1777399149149,1779053,-0.86,-0.42,-0.05,6.59,-2.50,-5.62
1777399149149,1779063,-0.86,-0.42,-0.04,7.02,-2.93,-5.37
1777399149149,1779073,-0.86,-0.42,-0.04,6.90,-3.97,-5.25
1777399149149,1779083,-0.86,-0.43,-0.04,6.65,-4.88,-5.13
1777399149149,1779093,-0.86,-0.43,-0.04,6.59,-5.55,-4.88
1777399149149,1779103,-0.85,-0.44,-0.04,6.53,-5.92,-4.70
1777399149150,1779113,-0.85,-0.45,-0.03,6.23,-6.04,-4.58
1777399149150,1779123,-0.86,-0.45,-0.03,5.80,-6.29,-4.46
1777399149150,1779133,-0.86,-0.45,-0.02,5.62,-6.53,-4.15
1777399149150,1779143,-0.87,-0.45,-0.01,5.19,-7.08,-3.97
1777399149150,1779153,-0.88,-0.45,-0.01,4.52,-7.75,-4.15
1777399149150,1779163,-0.89,-0.45,-0.01,3.60,-8.30,-3.91
1777399149150,1779173,-0.90,-0.45,-0.01,2.87,-8.42,-3.72
1777399149151,1779183,-0.91,-0.45,-0.02,2.44,-7.87,-4.58
1777399149151,1779193,-0.90,-0.44,-0.02,2.32,-6.84,-5.92
1777399149151,1779203,-0.90,-0.44,-0.02,2.14,-5.62,-6.41
1777399149151,1779213,-0.90,-0.43,-0.02,1.71,-4.64,-6.41
1777399149151,1779223,-0.91,-0.43,-0.02,1.28,-4.27,-6.10
1777399149151,1779243,-0.90,-0.42,-0.03,0.12,-6.16,-6.41
1777399149151,1779263,-0.89,-0.40,-0.06,0.31,-4.64,-6.59
1777399149151,1779283,-0.88,-0.40,-0.07,1.28,-2.56,-6.04
1777399149152,1779303,-0.87,-0.40,-0.08,2.75,-1.22,-5.92
1777399149152,1779313,-0.87,-0.40,-0.08,3.48,-0.98,-5.00
1777399149152,1779323,-0.87,-0.41,-0.09,4.15,-1.28,-3.91
1777399149152,1779333,-0.88,-0.41,-0.09,4.46,-1.59,-4.03
1777399149152,1779343,-0.88,-0.40,-0.09,5.13,-1.71,-4.70
1777399149152,1779353,-0.87,-0.41,-0.09,6.59,-2.14,-4.76
1777399149152,1779363,-0.87,-0.41,-0.09,7.87,-2.99,-4.76
1777399149153,1779373,-0.87,-0.41,-0.07,8.42,-3.72,-4.82
1777399149153,1779383,-0.87,-0.44,-0.08,8.91,-4.94,-4.52
1777399149153,1779393,-0.87,-0.41,-0.07,9.58,-5.74,-4.46
1777399149153,1779403,-0.88,-0.43,-0.06,9.58,-5.86,-3.60
1777399149153,1779413,-0.88,-0.44,-0.06,9.70,-5.43,-3.17
1777399149153,1779423,-0.88,-0.43,-0.04,9.58,-5.07,-3.36
1777399149153,1779433,-0.88,-0.45,-0.04,8.79,-4.82,-3.11
1777399149153,1779443,-0.88,-0.45,-0.03,7.93,-4.64,-2.99
1777399149154,1779453,-0.88,-0.45,-0.03,7.20,-4.27,-3.36
1777399149154,1779463,-0.88,-0.46,-0.02,6.53,-4.15,-4.09
1777399149154,1779473,-0.89,-0.46,-0.02,6.16,-4.09,-4.70
1777399149154,1779483,-0.89,-0.46,-0.01,5.68,-3.97,-5.19
1777399149154,1779493,-0.89,-0.46,-0.01,4.88,-3.66,-5.80
1777399149154,1779503,-0.89,-0.46,-0.01,4.03,-3.17,-6.35
1777399149154,1779513,-0.88,-0.46,-0.01,3.23,-2.62,-6.41
1777399149154,1779523,-0.88,-0.45,-0.02,2.26,-2.44,-6.29
1777399149155,1779533,-0.88,-0.45,-0.02,1.53,-2.69,-6.29
1777399149155,1779543,-0.88,-0.45,-0.02,1.22,-3.17,-6.41
1777399149155,1779553,-0.88,-0.44,-0.02,1.22,-3.85,-6.84
1777399149155,1779563,-0.88,-0.44,-0.02,1.04,-4.03,-7.39
1777399149155,1779573,-0.87,-0.44,-0.02,0.98,-4.46,-8.79
1777399149155,1779593,-0.85,-0.43,-0.03,0.79,-4.39,-9.40
1777399149155,1779613,-0.83,-0.43,-0.04,-0.55,-3.78,-7.87
1777399149155,1779633,-0.85,-0.43,-0.04,-0.98,-4.27,-5.37
1777399149156,1779653,-0.87,-0.42,-0.05,-1.89,-5.62,-3.66
1777399149156,1779663,-0.88,-0.42,-0.06,-0.79,-5.31,-2.99
1777399149156,1779673,-0.89,-0.41,-0.06,0.85,-5.00,-2.99
1777399149156,1779683,-0.89,-0.41,-0.05,1.83,-5.13,-3.48
1777399149156,1779693,-0.90,-0.41,-0.05,2.26,-5.37,-3.60
1777399149156,1779703,-0.90,-0.41,-0.05,2.44,-5.55,-3.05
1777399149156,1779713,-0.91,-0.41,-0.05,2.56,-5.62,-2.32
1777399149156,1779723,-0.92,-0.41,-0.06,2.62,-5.37,-2.08
1777399149157,1779733,-0.92,-0.41,-0.06,2.81,-4.88,-2.32
1777399149157,1779743,-0.93,-0.41,-0.07,3.23,-3.91,-2.50
1777399149157,1779753,-0.93,-0.41,-0.07,3.42,-2.44,-2.62
1777399149157,1779763,-0.93,-0.42,-0.07,3.60,-1.04,-3.11
1777399149157,1779773,-0.92,-0.41,-0.08,3.91,-0.12,-3.72
1777399149157,1779783,-0.92,-0.41,-0.08,3.97,0.67,-3.97
1777399149157,1779793,-0.92,-0.42,-0.09,4.03,1.28,-3.97
1777399149157,1779803,-0.90,-0.42,-0.11,4.15,2.14,-4.46
1777399149157,1779813,-0.90,-0.42,-0.13,5.31,4.94,-4.94
1777399149158,1779823,-0.89,-0.42,-0.10,7.20,10.31,-4.58
1777399149158,1779833,-0.90,-0.43,-0.08,7.75,12.45,-4.21
1777399149158,1779843,-0.90,-0.43,-0.09,7.69,11.66,-4.15
1777399149158,1779853,-0.90,-0.42,-0.08,8.06,10.86,-4.09
1777399149158,1779863,-0.89,-0.42,-0.07,8.18,9.40,-3.91
1777399149158,1779873,-0.89,-0.42,-0.08,7.87,6.59,-3.85
1777399149158,1779883,-0.88,-0.43,-0.09,8.12,3.91,-4.64
1777399149159,1779893,-0.87,-0.42,-0.09,8.85,2.08,-5.31
1777399149159,1779903,-0.86,-0.43,-0.08,9.95,1.40,-4.88
1777399149159,1779913,-0.86,-0.43,-0.08,11.11,0.85,-4.09
1777399149159,1779933,-0.86,-0.42,-0.07,10.74,0.37,-3.85
1777399149159,1779953,-0.86,-0.43,-0.07,9.89,1.22,-3.36
1777399149159,1779973,-0.86,-0.44,-0.05,10.01,0.67,-3.36
1777399149159,1779993,-0.85,-0.44,-0.04,10.50,-2.44,-4.27
1777399149159,1780003,-0.86,-0.44,-0.04,10.38,-3.91,-4.09
1777399149160,1780013,-0.86,-0.44,-0.04,9.58,-4.82,-4.15
1777399149160,1780023,-0.87,-0.44,-0.04,8.30,-5.07,-4.33
1777399149160,1780033,-0.87,-0.45,-0.04,7.45,-5.31,-4.09
1777399149160,1780043,-0.88,-0.44,-0.04,6.90,-5.37,-3.97
1777399149160,1780053,-0.88,-0.44,-0.04,6.23,-5.13,-4.39
1777399149160,1780063,-0.88,-0.45,-0.04,5.55,-4.52,-4.64
1777399149160,1780073,-0.88,-0.45,-0.05,5.07,-3.91,-4.88
1777399149160,1780083,-0.87,-0.44,-0.05,4.58,-3.42,-5.43
1777399149161,1780093,-0.88,-0.44,-0.05,3.91,-2.81,-5.00
1777399149161,1780103,-0.88,-0.44,-0.05,3.60,-2.50,-4.21
1777399149161,1780113,-0.88,-0.43,-0.06,2.75,-2.69,-4.46
1777399149161,1780123,-0.87,-0.44,-0.07,2.08,-3.11,-5.07
1777399149161,1780133,-0.88,-0.42,-0.06,2.20,-3.60,-4.82
1777399149161,1780143,-0.87,-0.44,-0.07,1.65,-4.15,-4.03
1777399149161,1780153,-0.88,-0.43,-0.07,2.01,-4.64,-4.15
1777399149161,1780163,-0.87,-0.43,-0.07,1.95,-5.00,-4.21
1777399149162,1780173,-0.86,-0.44,-0.08,2.08,-5.37,-4.27
1777399149162,1780183,-0.86,-0.43,-0.08,2.08,-5.31,-4.21
1777399149162,1780193,-0.86,-0.43,-0.07,1.89,-5.07,-3.42
1777399149162,1780203,-0.86,-0.43,-0.07,1.71,-4.88,-2.75
1777399149162,1780213,-0.86,-0.43,-0.07,1.46,-4.64,-2.38
1777399149162,1780223,-0.87,-0.43,-0.06,1.22,-4.39,-2.01
1777399149162,1780233,-0.88,-0.43,-0.06,0.98,-4.21,-1.22
1777399149162,1780243,-0.88,-0.43,-0.06,0.79,-4.09,-0.67
1777399149163,1780253,-0.88,-0.44,-0.06,0.79,-4.27,-1.46
1777399149163,1780263,-0.88,-0.43,-0.06,0.85,-4.15,-2.08
1777399149163,1780283,-0.89,-0.43,-0.05,0.31,-4.94,-0.79
1777399149163,1780303,-0.90,-0.42,-0.07,-0.43,-5.07,-1.22
1777399149163,1780323,-0.89,-0.42,-0.09,-0.06,-2.26,-1.95
1777399149163,1780343,-0.89,-0.42,-0.09,0.79,0.12,-2.20
1777399149163,1780353,-0.89,-0.42,-0.09,1.10,-0.24,-2.08
1777399149163,1780363,-0.88,-0.42,-0.10,1.34,-1.10,-2.50
1777399149164,1780373,-0.87,-0.42,-0.12,1.77,-1.59,-2.69
1777399149164,1780383,-0.87,-0.41,-0.14,2.62,-1.59,-1.83
1777399149164,1780393,-0.87,-0.44,-0.19,3.66,0.00,-1.28
1777399149164,1780403,-0.90,-0.37,-0.19,4.94,3.91,-1.65
1777399149164,1780413,-0.91,-0.40,-0.17,6.41,7.51,0.61
1777399149164,1780423,-0.94,-0.43,-0.20,7.57,8.36,1.04
1777399149164,1780433,-0.92,-0.41,-0.22,10.74,8.30,-2.01
1777399149164,1780443,-0.93,-0.43,-0.23,17.09,9.89,-4.09
1777399149164,1780453,-0.92,-0.41,-0.24,23.80,11.96,-5.55
1777399149165,1780463,-0.91,-0.41,-0.25,31.37,15.26,-5.55
1777399149165,1780473,-0.92,-0.39,-0.24,39.98,21.79,-6.35
1777399149165,1780483,-0.93,-0.39,-0.22,45.90,26.37,-6.16
1777399149165,1780493,-0.92,-0.43,-0.14,49.32,28.44,-6.84
1777399149165,1780503,-0.93,-0.40,-0.11,48.40,26.73,-8.12
1777399149165,1780513,-0.91,-0.43,-0.09,45.41,22.34,-7.51
1777399149165,1780523,-0.90,-0.49,-0.12,42.72,17.33,-7.75
1777399149165,1780533,-0.88,-0.53,-0.16,46.20,13.12,-9.03
1777399149166,1780543,-0.85,-0.52,-0.16,55.66,10.56,-11.05
1777399149166,1780553,-0.84,-0.56,-0.18,66.35,9.09,-11.11
1777399149166,1780563,-0.84,-0.58,-0.19,78.80,9.89,-11.47
1777399149166,1780573,-0.85,-0.56,-0.16,92.47,11.54,-13.49
1777399149166,1780583,-0.88,-0.56,-0.11,102.23,10.68,-15.08
1777399149166,1780593,-0.89,-0.55,-0.07,110.47,7.63,-17.27
1777399149166,1780603,-0.88,-0.56,-0.03,116.52,2.62,-19.04
1777399149166,1780623,-0.84,-0.50,0.14,103.27,-20.51,-15.01
1777399149166,1780643,-0.91,-0.66,0.11,71.59,-28.20,-0.31
1777399149167,1780663,-0.80,-0.57,0.17,65.55,-19.47,-2.62
1777399149167,1780683,-0.81,-0.41,0.89,10.38,-25.70,-12.15
1777399149167,1780693,-0.76,-0.34,0.29,-75.99,-56.64,-15.20
1777399149167,1780703,-0.75,-0.44,-0.03,-124.76,-56.88,-15.26
1777399149167,1780713,-0.85,-0.26,-0.17,-132.51,-39.92,-7.14
1777399149167,1780723,-0.84,-0.25,-0.29,-121.83,-21.48,10.62
1777399149167,1780733,-0.91,-0.30,-0.23,-112.67,3.42,22.09
1777399149167,1780743,-0.89,-0.47,0.06,-104.31,23.25,27.10
1777399149168,1780753,-0.90,-0.56,0.19,-99.00,28.93,29.05
1777399149168,1780763,-0.92,-0.43,0.15,-92.41,20.69,23.93
1777399149168,1780773,-0.97,-0.36,0.10,-93.44,10.86,21.42
1777399149168,1780783,-0.93,-0.32,0.06,-95.64,6.16,20.02
1777399149168,1780793,-0.93,-0.21,0.27,-99.43,2.44,21.42
1777399149168,1780803,-0.89,-0.46,0.06,-115.23,-8.24,23.50
1777399149168,1780813,-0.90,-0.37,-0.10,-108.34,-13.12,21.12
1777399149168,1780823,-0.88,-0.24,-0.05,-83.92,-7.87,20.45
1777399149168,1780833,-0.86,-0.18,-0.16,-80.26,-7.08,19.90
1777399149168,1780843,-0.80,0.22,-0.16,-91.61,-4.64,24.35
1777399149169,1780853,-0.77,-0.66,-0.41,-92.47,-1.53,50.90
1777399149169,1780863,-0.94,-0.87,-0.18,-100.34,9.09,42.24
1777399149169,1780873,-0.99,-0.55,-0.05,-83.74,16.54,14.71
1777399149169,1780883,-0.94,-0.38,-0.04,-64.39,12.33,4.82
1777399149169,1780893,-0.85,-0.33,-0.11,-69.58,9.89,2.93
1777399149169,1780903,-0.83,-0.33,-0.17,-78.12,12.02,8.61
1777399149169,1780913,-0.80,-0.40,-0.28,-70.37,11.05,18.37
1777399149169,1780923,-0.80,-0.44,-0.40,-48.65,16.05,23.68
1777399149169,1780933,-0.77,-0.29,-0.43,-36.74,34.36,33.26
1777399149170,1780943,-0.97,-0.08,-0.29,-32.23,51.76,45.53
1777399149170,1780953,-0.62,-0.26,-0.34,-11.78,59.57,51.51
1777399149170,1780973,-0.99,-0.11,-0.03,-95.28,38.51,57.25
1777399149170,1780993,-0.96,-0.26,-0.35,-123.84,9.89,55.85
1777399149170,1781013,-1.06,-0.10,-0.31,-95.15,16.30,37.78
1777399149170,1781033,-1.06,-0.13,-0.25,-84.11,19.53,36.01
1777399149170,1781043,-0.96,-0.29,-0.29,-92.96,11.60,25.21
1777399149170,1781053,-0.96,-0.17,-0.31,-100.71,3.72,9.58
1777399149170,1781063,-0.92,-0.16,-0.42,-95.03,-0.24,2.50
1777399149170,1781073,-0.85,-0.17,-0.40,-92.53,2.75,-1.59
1777399149171,1781083,-0.79,-0.18,-0.16,-97.11,9.95,-0.06
1777399149171,1781093,-0.79,-0.02,-0.04,-156.43,24.35,28.26
1777399149171,1781103,-0.78,0.04,-0.21,-226.38,16.78,62.68
1777399149171,1781113,-0.73,0.08,-0.36,-256.53,-7.57,79.22
1777399149171,1781123,-1.08,0.07,-0.38,-253.30,-45.53,68.91
1777399149171,1781133,-0.96,-0.03,-0.37,-239.56,-86.49,59.08
1777399149171,1781143,-0.83,-0.08,-0.32,-232.97,-118.96,29.17
1777399149171,1781153,-0.82,-0.07,-0.29,-204.96,-126.04,-6.90
1777399149171,1781163,-0.89,-0.06,-0.26,-172.55,-114.56,-28.32
1777399149172,1781173,-1.14,0.04,-0.27,-124.88,-85.88,-30.88
1777399149172,1781183,-1.16,0.09,-0.51,-92.77,-60.24,-19.17
1777399149172,1781193,-1.18,0.12,-0.55,-92.53,-42.72,-5.62
1777399149172,1781203,-0.84,0.09,-0.48,-91.86,-27.34,2.26
1777399149172,1781213,-0.98,0.10,-0.33,-78.06,1.59,-0.79
1777399149172,1781223,-1.09,-0.01,-0.38,-62.38,10.50,1.89
1777399149172,1781233,-1.03,0.05,-0.34,-47.91,13.31,-2.99
1777399149172,1781243,-1.00,0.22,-0.24,-42.48,11.05,-6.71
1777399149172,1781253,-0.91,0.04,-0.37,-38.70,5.31,2.20
1777399149173,1781263,-0.89,0.08,-0.28,-38.02,8.67,6.35
1777399149173,1781273,-0.87,0.12,-0.24,-41.99,13.85,8.54
1777399149173,1781283,-1.00,-0.03,-0.29,-57.98,13.85,11.84
1777399149173,1781293,-0.90,0.05,-0.31,-58.17,13.79,26.98
1777399149173,1781313,-0.91,0.05,-0.36,-85.27,2.20,33.75
1777399149173,1781333,-0.98,0.23,-0.18,-121.77,7.81,23.07
1777399149173,1781353,-0.87,0.17,-0.27,-149.72,44.56,15.87
1777399149173,1781373,-1.09,0.28,-0.13,-141.42,21.24,20.26
1777399149173,1781383,-0.90,0.20,-0.22,-151.12,-0.67,27.10
1777399149173,1781393,-0.97,0.19,-0.25,-155.82,-10.74,27.34
1777399149174,1781403,-0.75,0.27,-0.24,-153.87,-17.76,23.93
1777399149174,1781413,-0.88,0.31,-0.22,-171.75,-10.68,24.60
1777399149174,1781423,-0.96,0.40,-0.27,-196.90,-7.51,23.38
1777399149174,1781433,-0.89,0.28,-0.25,-219.54,-18.07,25.76
1777399149174,1781443,-0.84,0.23,-0.18,-220.95,-23.93,30.88
1777399149174,1781453,-0.75,0.20,-0.02,-215.70,-29.24,31.01
1777399149174,1781463,-0.63,0.25,-0.02,-213.99,-37.54,28.63
1777399149174,1781473,-0.85,0.23,-0.16,-214.36,-36.74,29.54
1777399149174,1781483,-1.02,0.23,-0.11,-228.76,-29.05,23.01
1777399149175,1781493,-0.92,0.27,-0.23,-252.81,-44.37,10.62
1777399149175,1781503,-0.76,0.15,-0.04,-248.96,-45.04,4.58
1777399149175,1781513,-1.01,0.19,-0.20,-213.50,-43.03,-0.24
1777399149175,1781523,-1.05,0.10,-0.26,-151.86,-31.56,-7.08
1777399149175,1781533,-1.00,-0.07,-0.06,-132.39,-22.77,-22.16
1777399149175,1781543,-1.00,-0.10,0.06,-120.42,-22.46,-42.18
1777399149175,1781553,-0.94,0.29,-0.05,-97.29,-22.34,-62.56
1777399149175,1781563,-0.98,0.79,-0.13,-76.48,-18.62,-64.76
1777399149175,1781573,-0.89,0.72,-0.17,-63.48,-12.76,-36.32
1777399149176,1781583,-0.89,0.41,-0.03,-60.73,-4.94,-7.51
1777399149176,1781593,-0.94,0.30,0.23,-62.26,-2.32,2.62
1777399149176,1781603,-0.90,0.16,0.39,-59.33,-11.60,0.61
1777399149176,1781613,-0.96,0.19,0.19,-52.00,-21.91,-9.83
1777399149176,1781623,-0.93,0.27,0.28,-38.51,-23.56,-20.81
1777399149176,1781633,-0.97,0.29,0.03,-33.63,-34.97,-25.21
1777399149176,1781643,-0.92,0.41,-0.03,-21.48,-32.90,-8.00
1777399149176,1781663,-1.11,0.07,0.07,-37.84,16.54,22.28
1777399149176,1781683,-1.11,0.11,0.05,-36.56,34.79,45.41
1777399149177,1781703,-1.17,0.27,0.01,-4.94,63.90,71.35
1777399149177,1781723,-1.00,0.20,-0.11,-7.75,59.94,99.61
1777399149177,1781733,-0.99,0.36,-0.08,-4.15,62.99,106.63
1777399149177,1781743,-1.04,0.50,-0.22,1.28,66.65,103.09
1777399149177,1781753,-1.03,0.48,-0.18,-6.65,69.40,97.23
1777399149177,1781763,-1.05,0.59,-0.09,-29.48,66.53,101.20
1777399149177,1781773,-1.15,0.68,-0.08,-58.72,49.50,120.06
1777399149177,1781783,-0.82,0.46,0.18,-88.87,11.66,147.09
1777399149177,1781793,-0.93,0.56,0.28,-133.73,-45.53,165.34
1777399149178,1781803,-1.20,0.43,0.16,-178.96,-108.15,219.67
1777399149178,1781813,-1.47,1.00,-0.23,-207.40,-156.62,208.86
1777399149178,1781823,-0.60,0.15,-0.11,-167.18,-138.79,144.23
1777399149178,1781833,-0.53,0.34,-0.08,-105.71,-103.76,129.46
1777399149178,1781843,-0.72,0.55,-0.13,-57.92,-83.37,99.00
1777399149178,1781853,-0.73,0.51,-0.11,-10.01,-54.32,83.25
1777399149178,1781863,-0.73,0.63,-0.12,7.87,-34.06,71.11
1777399149178,1781873,-0.65,0.79,-0.32,3.66,-22.52,65.61
1777399149178,1781883,-0.14,-0.49,0.09,-7.32,-2.69,59.63
1777399149179,1781893,-0.45,0.15,-0.11,-10.93,16.05,2.38
1777399149179,1781903,-0.70,0.74,0.07,47.36,62.81,-33.14
1777399149179,1781913,-0.95,1.27,0.26,87.04,93.69,-27.34
1777399149179,1781923,-0.90,1.52,0.40,93.08,95.52,10.50
1777399149179,1781933,-0.80,1.43,0.20,73.49,76.48,55.66
1777399149179,1781943,-0.64,0.94,0.06,32.04,54.20,86.18
1777399149179,1781953,-0.52,0.51,0.10,8.85,44.25,89.72
1777399149179,1781963,-0.51,0.43,0.11,11.72,39.25,68.42
1777399149179,1781973,-0.49,0.57,0.11,19.78,31.98,40.28
1777399149179,1781983,-0.52,0.67,0.15,27.77,25.82,4.52
1777399149180,1782003,-0.55,0.49,0.20,78.98,2.87,-19.04
1777399149180,1782023,-0.51,0.85,-0.10,107.12,-2.56,-41.02
1777399149180,1782043,-0.47,0.56,-0.46,91.61,3.48,-43.27
1777399149180,1782063,-0.65,0.94,-0.10,81.79,48.89,-78.86
1777399149180,1782073,-0.71,1.19,-0.10,79.65,58.35,-68.24
1777399149180,1782083,-0.57,1.15,-0.19,61.40,63.78,-46.14
1777399149180,1782093,-0.51,0.90,-0.20,23.01,69.15,-40.53
1777399149180,1782103,-0.49,0.73,-0.05,-1.04,77.15,-54.99
1777399149180,1782113,-0.41,0.87,0.03,-11.23,70.68,-74.04
1777399149180,1782123,-0.56,0.77,0.05,-9.83,51.15,-68.85
1777399149181,1782133,-0.79,0.64,0.07,15.69,31.56,-48.58
1777399149181,1782143,-0.75,0.61,-0.13,41.93,16.11,-39.18
1777399149181,1782153,-0.71,0.70,-0.46,37.90,-5.62,-35.40
1777399149181,1782163,-0.67,0.73,-0.34,14.40,-4.94,-25.63
1777399149181,1782173,-0.62,0.74,-0.49,-2.87,16.11,-21.18
1777399149181,1782183,-0.59,0.68,-0.41,-29.17,33.20,-20.02
1777399149181,1782193,-0.60,0.61,-0.46,-63.66,57.13,-23.74
1777399149181,1782203,-0.75,0.58,-0.08,-97.84,71.41,-29.30
1777399149181,1782213,-0.83,0.49,0.13,-79.47,73.00,-22.40
1777399149182,1782223,-0.86,0.48,-0.00,-38.51,57.62,-17.70
1777399149182,1782233,-0.85,0.51,-0.16,-10.62,36.62,-12.88
1777399149182,1782243,-0.81,0.67,-0.24,-0.49,16.17,-8.12
1777399149182,1782253,-0.78,0.66,-0.27,-4.88,2.32,-2.81
1777399149182,1782263,-0.71,0.66,-0.25,-8.91,-5.43,0.00
1777399149182,1782273,-0.65,0.67,-0.34,-13.18,-5.80,-0.31
1777399149182,1782283,-0.70,0.64,-0.16,-19.90,-3.91,-5.49
1777399149182,1782293,-0.67,0.63,-0.23,-16.42,-4.46,-10.93
1777399149182,1782303,-0.73,0.66,-0.29,-14.89,0.12,-14.47
1777399149182,1782313,-0.80,0.62,-0.25,-19.10,-1.59,-12.02
1777399149183,1782323,-0.81,0.52,-0.19,-17.76,-7.93,-1.71
1777399149183,1782333,-0.80,0.56,-0.15,-6.96,-11.84,11.54
1777399149183,1782353,-0.73,0.54,-0.22,-2.32,-39.67,8.24
1777399149183,1782373,-0.76,0.67,-0.20,-8.42,-55.66,-3.72
1777399149183,1782393,-0.67,0.78,-0.31,-25.76,-57.50,-10.25
1777399149183,1782413,-0.88,0.90,-0.31,-48.83,-43.21,0.98
1777399149183,1782423,-0.83,0.73,-0.30,-74.04,-47.36,17.09
1777399149183,1782433,-0.73,0.53,-0.09,-93.20,-50.29,24.72
1777399149183,1782443,-0.73,0.39,-0.09,-86.49,-51.57,19.71
1777399149184,1782453,-0.73,0.48,-0.04,-66.77,-47.61,8.91
1777399149184,1782463,-0.73,0.69,-0.05,-46.33,-35.46,-0.18
1777399149184,1782473,-0.71,0.64,0.06,-36.25,-23.68,-3.05
1777399149184,1782483,-0.70,0.70,-0.07,-26.92,-14.34,-7.81
1777399149184,1782493,-0.72,0.62,0.04,-19.59,-5.07,-12.70
1777399149184,1782503,-0.71,0.74,-0.03,-16.48,-0.24,-16.48
1777399149184,1782513,-0.68,0.76,-0.04,-11.78,6.16,-12.15
1777399149184,1782523,-0.63,0.70,-0.07,-12.57,10.74,-5.98
1777399149184,1782533,-0.59,0.69,-0.09,-9.89,19.65,-1.95
1777399149184,1782543,-0.61,0.75,-0.18,-12.33,28.26,-2.38
1777399149185,1782553,-0.61,0.74,-0.19,-24.60,36.07,-1.65
1777399149185,1782563,-0.67,0.64,-0.10,-37.60,42.36,0.67
1777399149185,1782573,-0.63,0.60,-0.05,-38.02,46.26,1.77
1777399149185,1782583,-0.71,0.61,0.01,-28.93,48.58,0.00
1777399149185,1782593,-0.69,0.59,0.01,-14.65,46.51,1.04
1777399149185,1782603,-0.59,0.57,0.01,-5.43,41.93,-1.59
1777399149185,1782613,-0.62,0.60,-0.01,-0.79,35.83,-10.56
1777399149185,1782623,-0.87,0.72,-0.02,4.88,32.71,-16.91
1777399149185,1782633,-0.76,0.70,-0.01,10.31,31.37,-13.49
1777399149185,1782643,-0.74,0.69,-0.10,13.98,32.23,-8.91
1777399149186,1782653,-0.75,0.66,-0.12,14.22,35.95,-5.62
1777399149186,1782663,-0.72,0.65,-0.15,12.33,42.91,-4.52
1777399149186,1782673,-0.72,0.66,-0.14,9.77,53.53,-5.13
1777399149186,1782693,-0.75,0.67,-0.08,17.09,70.01,-7.39
1777399149186,1782713,-0.81,0.60,-0.12,33.20,49.19,-2.87
1777399149186,1782733,-0.78,0.68,-0.16,41.26,36.07,4.21
1777399149186,1782753,-0.68,0.70,-0.28,39.12,33.94,7.87
1777399149186,1782763,-0.65,0.71,-0.33,31.86,39.31,7.26
1777399149186,1782773,-0.61,0.71,-0.36,20.02,48.03,5.19
1777399149187,1782783,-0.59,0.72,-0.34,6.35,59.14,0.98
1777399149187,1782793,-0.61,0.71,-0.26,-4.09,69.89,-2.99
1777399149187,1782803,-0.68,0.66,-0.15,-4.76,72.33,-5.31
1777399149187,1782813,-0.70,0.61,-0.11,5.80,61.34,-2.50
1777399149187,1782823,-0.66,0.61,-0.19,17.76,44.19,-0.61
1777399149187,1782833,-0.63,0.64,-0.26,25.45,29.97,-0.85
1777399149187,1782843,-0.60,0.68,-0.31,27.65,24.35,-1.77
1777399149187,1782853,-0.59,0.70,-0.34,27.22,26.12,-1.95
1777399149187,1782863,-0.57,0.70,-0.36,25.51,32.53,-2.44
1777399149188,1782873,-0.57,0.68,-0.37,23.01,41.32,-4.21
1777399149188,1782883,-0.55,0.67,-0.36,20.75,51.57,-7.75
1777399149188,1782893,-0.52,0.66,-0.36,19.90,59.88,-12.76
1777399149188,1782903,-0.51,0.65,-0.34,20.14,65.61,-20.81
1777399149188,1782913,-0.55,0.67,-0.29,22.71,67.87,-31.13
1777399149188,1782923,-0.63,0.65,-0.25,30.82,60.79,-36.93
1777399149188,1782933,-0.65,0.63,-0.26,40.83,43.15,-36.87
1777399149188,1782943,-0.64,0.60,-0.32,49.19,22.58,-32.96
1777399149188,1782953,-0.62,0.60,-0.38,55.05,6.96,-29.36
1777399149189,1782963,-0.59,0.61,-0.45,56.76,-2.50,-27.53
1777399149189,1782973,-0.55,0.62,-0.50,53.96,-4.52,-27.71
1777399149189,1782983,-0.53,0.62,-0.54,46.88,-1.22,-29.97
1777399149189,1782993,-0.53,0.61,-0.55,37.66,6.47,-33.08
1777399149189,1783003,-0.53,0.60,-0.52,28.99,16.42,-35.58
1777399149189,1783013,-0.55,0.59,-0.48,23.86,25.33,-36.19
1777399149189,1783023,-0.58,0.58,-0.45,22.16,31.19,-34.42
1777399149189,1783043,-0.61,0.56,-0.43,26.00,14.77,-29.91
1777399149189,1783063,-0.59,0.54,-0.49,28.75,-14.71,-22.28
1777399149190,1783083,-0.53,0.53,-0.58,20.45,-30.09,-22.03
1777399149190,1783103,-0.59,0.51,-0.51,8.18,-18.86,-32.96
1777399149190,1783113,-0.62,0.49,-0.48,7.08,-10.13,-37.23
1777399149190,1783123,-0.67,0.47,-0.45,8.42,-3.30,-41.20
1777399149190,1783133,-0.72,0.47,-0.43,10.68,1.16,-45.35
1777399149190,1783143,-0.78,0.47,-0.41,13.37,2.69,-47.85
1777399149190,1783153,-0.84,0.46,-0.41,16.78,-1.22,-45.84
1777399149190,1783163,-0.86,0.45,-0.44,18.92,-8.54,-39.86
1777399149190,1783173,-0.86,0.45,-0.46,18.55,-15.26,-33.08
1777399149191,1783183,-0.84,0.44,-0.48,17.46,-19.71,-27.28
1777399149191,1783193,-0.81,0.44,-0.50,15.93,-21.42,-24.17
1777399149191,1783203,-0.81,0.45,-0.50,14.83,-20.08,-23.74
1777399149191,1783213,-0.80,0.46,-0.50,14.16,-17.15,-23.80
1777399149191,1783223,-0.80,0.46,-0.49,14.16,-14.16,-23.38
1777399149191,1783233,-0.79,0.46,-0.49,14.71,-11.60,-22.95
1777399149191,1783243,-0.77,0.45,-0.49,15.63,-9.52,-23.38
1777399149191,1783253,-0.75,0.46,-0.49,16.17,-7.57,-25.09
1777399149191,1783263,-0.77,0.46,-0.49,17.03,-6.35,-26.98
1777399149192,1783273,-0.79,0.45,-0.48,18.62,-7.75,-26.55
1777399149192,1783283,-0.81,0.45,-0.49,20.26,-11.72,-23.56
1777399149192,1783293,-0.82,0.45,-0.51,20.14,-16.42,-18.92
1777399149192,1783303,-0.81,0.45,-0.52,17.58,-19.90,-14.77
1777399149192,1783313,-0.79,0.44,-0.52,14.10,-21.18,-11.78
1777399149192,1783323,-0.78,0.44,-0.51,11.90,-20.51,-9.52
1777399149192,1783333,-0.76,0.43,-0.50,10.99,-18.98,-8.91
1777399149192,1783343,-0.75,0.44,-0.50,10.44,-16.54,-9.64
1777399149192,1783353,-0.75,0.45,-0.49,9.64,-13.92,-10.50
1777399149192,1783363,-0.75,0.44,-0.48,8.54,-12.51,-11.11
1777399149193,1783383,-0.75,0.44,-0.46,10.50,-16.66,-11.29
1777399149193,1783403,-0.77,0.42,-0.47,10.86,-22.22,-9.16
1777399149193,1783423,-0.76,0.42,-0.48,10.19,-20.57,-8.85
1777399149193,1783443,-0.76,0.42,-0.47,9.22,-13.98,-9.83
1777399149193,1783453,-0.77,0.42,-0.46,8.12,-10.44,-10.80
1777399149193,1783463,-0.78,0.43,-0.44,7.26,-8.30,-11.05
1777399149193,1783473,-0.78,0.42,-0.43,7.08,-9.03,-10.38
1777399149193,1783483,-0.78,0.41,-0.42,7.69,-11.72,-9.89
1777399149193,1783493,-0.79,0.41,-0.41,9.40,-15.69,-9.70
1777399149194,1783503,-0.78,0.42,-0.42,11.78,-21.18,-9.22
1777399149194,1783513,-0.78,0.42,-0.43,14.34,-28.02,-8.54
1777399149194,1783523,-0.77,0.42,-0.46,15.75,-35.03,-8.06
1777399149194,1783533,-0.76,0.42,-0.48,15.93,-41.32,-7.81
1777399149194,1783543,-0.76,0.42,-0.49,14.83,-46.14,-7.81
1777399149194,1783553,-0.76,0.43,-0.50,12.57,-49.50,-8.30
1777399149194,1783563,-0.76,0.43,-0.51,9.34,-51.64,-8.97
1777399149194,1783573,-0.75,0.42,-0.50,5.49,-52.92,-9.34
1777399149194,1783583,-0.76,0.40,-0.48,2.20,-52.73,-10.19
1777399149194,1783593,-0.78,0.39,-0.45,0.92,-51.15,-11.72
1777399149195,1783603,-0.82,0.40,-0.40,1.34,-48.83,-13.67
1777399149195,1783613,-0.85,0.39,-0.35,3.91,-49.38,-14.10
1777399149195,1783623,-0.86,0.39,-0.35,7.87,-56.27,-13.12
1777399149195,1783633,-0.86,0.40,-0.37,10.19,-67.26,-11.66
1777399149195,1783643,-0.84,0.39,-0.39,10.62,-78.49,-9.70
1777399149195,1783653,-0.82,0.41,-0.42,9.09,-87.04,-8.12
1777399149195,1783663,-0.81,0.41,-0.44,4.76,-91.49,-7.32
1777399149195,1783673,-0.80,0.41,-0.45,-1.28,-92.16,-7.32
1777399149195,1783683,-0.83,0.41,-0.42,-7.63,-90.03,-7.87
1777399149196,1783693,-0.88,0.41,-0.34,-12.45,-88.20,-7.45
1777399149196,1783703,-0.97,0.39,-0.20,-12.88,-91.61,-5.62
1777399149196,1783713,-1.02,0.35,-0.13,-5.49,-107.97,1.83
1777399149196,1783733,-0.97,0.40,-0.28,12.57,-190.00,9.28
1777399149196,1783753,-0.79,0.46,-0.42,-13.85,-203.98,8.42
1777399149196,1783773,-0.82,0.42,-0.24,-42.18,-184.33,6.10
1777399149196,1783793,-0.84,0.34,-0.02,-51.45,-152.83,3.48
1777399149196,1783803,-0.85,0.34,0.08,-50.11,-136.35,1.77
1777399149196,1783813,-0.87,0.33,0.17,-46.26,-121.22,0.73
1777399149197,1783823,-0.87,0.33,0.23,-40.34,-108.89,-0.12
1777399149197,1783833,-0.87,0.33,0.26,-34.85,-97.53,-0.92
1777399149197,1783843,-0.85,0.34,0.30,-30.33,-86.18,-1.53
1777399149197,1783853,-0.85,0.35,0.32,-26.06,-74.77,-1.46
1777399149197,1783863,-0.85,0.36,0.33,-21.91,-62.50,-0.67
1777399149197,1783873,-0.84,0.36,0.33,-17.82,-49.19,0.12
1777399149197,1783883,-0.83,0.37,0.33,-14.40,-36.07,-1.10
1777399149197,1783893,-0.83,0.38,0.34,-12.39,-25.02,-3.66
1777399149197,1783903,-0.85,0.37,0.36,-10.44,-17.21,-5.92
1777399149198,1783913,-0.87,0.37,0.36,-7.51,-13.61,-7.45
1777399149198,1783923,-0.87,0.38,0.35,-3.60,-12.82,-7.87
1777399149198,1783933,-0.87,0.40,0.34,0.37,-12.63,-7.57
1777399149198,1783943,-0.86,0.40,0.31,3.72,-12.15,-6.59
1777399149198,1783953,-0.85,0.41,0.27,5.55,-10.50,-6.10
1777399149198,1783963,-0.86,0.42,0.27,5.55,-7.69,-5.49
1777399149198,1783973,-0.87,0.41,0.26,5.74,-5.68,-4.03
1777399149198,1783983,-0.86,0.41,0.25,5.92,-5.00,-2.81
1777399149198,1783993,-0.85,0.41,0.23,5.68,-4.82,-2.75
1777399149198,1784003,-0.85,0.41,0.21,5.25,-4.46,-4.03
1777399149199,1784013,-0.86,0.42,0.20,4.52,-3.05,-5.68
1777399149199,1784023,-0.86,0.43,0.19,3.42,-1.04,-6.16
1777399149199,1784033,-0.86,0.42,0.20,2.99,1.22,-5.80
1777399149199,1784043,-0.87,0.42,0.20,3.23,3.17,-5.62
1777399149199,1784053,-0.88,0.42,0.21,3.97,3.91,-5.49
1777399149199,1784063,-0.89,0.41,0.22,4.94,3.36,-5.86
1777399149199,1784083,-0.90,0.40,0.22,8.18,-5.80,-6.35
1777399149199,1784103,-0.89,0.41,0.19,4.76,-8.48,-5.62
1777399149199,1784123,-0.88,0.39,0.19,3.54,-6.59,-3.91
1777399149200,1784133,-0.88,0.40,0.20,2.62,-4.70,-4.09
1777399149200,1784143,-0.89,0.39,0.21,2.32,-2.81,-3.91
1777399149200,1784153,-0.89,0.39,0.21,2.62,-1.46,-3.72
1777399149200,1784163,-0.89,0.39,0.22,3.30,-1.04,-3.54
1777399149200,1784173,-0.88,0.39,0.21,4.21,-1.10,-3.30
1777399149200,1784183,-0.88,0.40,0.20,5.25,-1.10,-2.81
1777399149200,1784193,-0.88,0.40,0.20,5.55,-1.10,-2.08
1777399149200,1784203,-0.87,0.40,0.19,5.55,-1.40,-1.34
1777399149200,1784213,-0.87,0.39,0.18,4.33,-2.20,-1.95
1777399149200,1784223,-0.87,0.40,0.19,2.99,-2.69,-3.11
1777399149200,1784233,-0.87,0.40,0.19,2.32,-2.99,-3.60
1777399149201,1784243,-0.87,0.39,0.18,2.44,-2.81,-3.85
1777399149201,1784253,-0.88,0.40,0.18,2.20,-2.01,-3.85
1777399149201,1784263,-0.88,0.41,0.18,1.46,-1.53,-3.23
1777399149201,1784273,-0.87,0.40,0.19,0.55,-1.53,-2.50
1777399149201,1784283,-0.86,0.40,0.19,0.18,-1.59,-2.44
1777399149201,1784293,-0.86,0.40,0.20,0.37,-1.16,-3.30
1777399149201,1784303,-0.86,0.41,0.20,0.98,-0.43,-4.21
1777399149201,1784313,-0.86,0.41,0.20,1.40,0.37,-4.82
1777399149201,1784323,-0.87,0.41,0.21,1.65,0.37,-5.13
1777399149201,1784333,-0.87,0.41,0.21,1.95,-0.49,-5.00
1777399149201,1784343,-0.88,0.41,0.21,1.83,-1.46,-4.64
1777399149202,1784353,-0.87,0.41,0.20,2.01,-2.32,-4.03
1777399149202,1784363,-0.87,0.41,0.21,1.95,-2.50,-3.97
1777399149202,1784373,-0.87,0.40,0.20,2.14,-2.38,-4.15
1777399149202,1784383,-0.88,0.40,0.20,2.99,-1.53,-4.09
1777399149202,1784393,-0.88,0.40,0.20,3.72,-0.37,-4.46
1777399149202,1784403,-0.89,0.40,0.19,3.91,0.61,-4.33
1777399149202,1784423,-0.89,0.41,0.17,0.06,6.16,-1.77
1777399149202,1784443,-0.89,0.40,0.21,-2.38,12.76,0.98
1777399149202,1784463,-0.89,0.40,0.22,-1.28,17.03,2.87
1777399149202,1784483,-0.88,0.39,0.19,-1.59,22.52,4.88
1777399149203,1784493,-0.89,0.40,0.19,-2.50,27.10,5.00
1777399149203,1784503,-0.89,0.40,0.19,-3.05,31.80,5.43
1777399149203,1784513,-0.90,0.39,0.19,-2.69,35.77,6.04
1777399149203,1784523,-0.90,0.39,0.16,-1.34,39.00,6.71
1777399149203,1784533,-0.91,0.40,0.13,-1.22,42.85,8.00
1777399149203,1784543,-0.91,0.40,0.10,-2.75,47.91,10.07
1777399149203,1784553,-0.90,0.42,0.07,-5.62,54.69,12.88
1777399149203,1784563,-0.89,0.43,0.06,-9.52,63.90,16.48
1777399149203,1784573,-0.88,0.44,0.05,-14.04,74.77,20.45
1777399149203,1784583,-0.87,0.45,0.05,-18.13,85.45,23.07
1777399149204,1784593,-0.86,0.45,0.06,-20.45,93.81,24.72
1777399149204,1784603,-0.84,0.46,0.04,-20.26,98.27,26.37
1777399149204,1784613,-0.80,0.46,-0.00,-19.23,100.04,26.98
1777399149204,1784623,-0.78,0.49,-0.06,-20.51,101.99,25.63
1777399149204,1784633,-0.78,0.50,-0.09,-24.17,105.77,23.74
1777399149204,1784643,-0.79,0.50,-0.11,-29.11,111.08,21.85
1777399149204,1784653,-0.80,0.50,-0.13,-34.30,117.74,21.91
1777399149204,1784663,-0.81,0.51,-0.15,-39.79,126.95,24.17
1777399149204,1784673,-0.83,0.50,-0.14,-45.53,138.85,27.59
1777399149205,1784683,-0.85,0.49,-0.11,-49.93,150.39,31.74
1777399149205,1784693,-0.86,0.49,-0.05,-50.54,159.55,35.22
1777399149205,1784703,-0.87,0.48,0.00,-46.69,162.35,36.44
1777399149205,1784713,-0.88,0.47,0.01,-37.60,156.07,35.46
1777399149205,1784723,-0.87,0.49,-0.01,-26.12,143.31,33.26
1777399149205,1784733,-0.84,0.51,-0.07,-15.56,127.32,30.88
1777399149205,1784743,-0.82,0.53,-0.13,-8.12,113.16,28.81
1777399149205,1784753,-0.79,0.54,-0.17,-3.17,103.94,24.54
1777399149205,1784773,-0.77,0.55,-0.25,4.33,89.11,21.18
1777399149205,1784793,-0.77,0.57,-0.30,5.25,89.84,20.51
1777399149206,1784813,-0.76,0.57,-0.29,11.72,87.10,24.05
1777399149206,1784823,-0.76,0.57,-0.27,18.37,82.03,25.82
1777399149206,1784833,-0.76,0.57,-0.26,26.55,74.22,26.92
1777399149206,1784843,-0.74,0.56,-0.27,36.38,64.21,28.14
1777399149206,1784853,-0.70,0.55,-0.31,46.57,53.77,29.48
1777399149206,1784863,-0.66,0.56,-0.40,54.08,45.72,29.72
1777399149206,1784873,-0.61,0.56,-0.51,55.42,43.09,27.16
1777399149206,1784883,-0.58,0.58,-0.58,49.26,46.14,22.34
1777399149206,1784893,-0.58,0.59,-0.60,38.15,51.82,16.85
1777399149207,1784903,-0.59,0.60,-0.57,26.06,55.36,11.96
1777399149207,1784913,-0.60,0.59,-0.53,16.78,54.87,9.34
1777399149207,1784923,-0.62,0.58,-0.49,12.76,50.90,8.36
1777399149207,1784933,-0.62,0.57,-0.47,14.16,43.95,8.18
1777399149207,1784943,-0.61,0.57,-0.47,18.55,35.34,8.12
1777399149207,1784953,-0.60,0.57,-0.48,23.93,26.37,7.63
1777399149207,1784963,-0.58,0.56,-0.52,28.63,18.19,6.71
1777399149207,1784973,-0.56,0.56,-0.56,30.82,12.08,4.03
1777399149207,1784983,-0.55,0.57,-0.58,29.79,8.12,-0.24
1777399149208,1784993,-0.56,0.58,-0.59,26.73,4.64,-3.72
1777399149208,1785003,-0.58,0.57,-0.59,22.89,1.28,-5.49
1777399149208,1785013,-0.59,0.56,-0.58,19.47,-2.01,-5.98
1777399149208,1785023,-0.59,0.55,-0.58,17.46,-4.82,-5.74
1777399149208,1785033,-0.59,0.56,-0.59,16.11,-5.37,-5.62
1777399149208,1785043,-0.59,0.56,-0.58,14.89,-3.30,-5.68
1777399149208,1785053,-0.60,0.55,-0.56,14.34,-0.31,-5.19
1777399149208,1785063,-0.61,0.55,-0.54,15.44,2.20,-4.58
1777399149208,1785073,-0.62,0.54,-0.54,18.07,3.48,-4.09
1777399149208,1785083,-0.63,0.54,-0.54,21.24,4.15,-3.30
1777399149209,1785093,-0.62,0.54,-0.56,23.74,3.72,-2.44
1777399149209,1785113,-0.61,0.54,-0.60,19.96,-1.53,-4.58
1777399149209,1785133,-0.62,0.55,-0.59,12.57,-5.62,-2.69
1777399149209,1785153,-0.61,0.54,-0.54,10.68,-9.77,-0.61
1777399149209,1785173,-0.58,0.55,-0.54,16.54,-13.55,-1.95
1777399149209,1785183,-0.57,0.54,-0.57,20.26,-13.79,-2.93
1777399149209,1785193,-0.56,0.54,-0.61,22.58,-12.33,-3.97
1777399149209,1785203,-0.56,0.55,-0.64,21.61,-8.85,-5.25
1777399149209,1785213,-0.57,0.55,-0.65,17.70,-4.39,-6.41
1777399149209,1785223,-0.59,0.55,-0.64,12.70,-0.79,-6.77
1777399149210,1785233,-0.60,0.55,-0.61,7.32,0.85,-6.65
1777399149210,1785243,-0.62,0.54,-0.58,3.36,0.06,-6.10
1777399149210,1785253,-0.62,0.53,-0.55,2.20,-2.69,-5.55
1777399149210,1785263,-0.61,0.53,-0.55,3.42,-6.23,-5.31
1777399149210,1785273,-0.61,0.53,-0.55,5.49,-8.97,-5.49
1777399149210,1785283,-0.61,0.53,-0.56,7.20,-10.13,-5.74
1777399149210,1785293,-0.61,0.53,-0.56,8.36,-10.25,-5.55
1777399149210,1785303,-0.61,0.52,-0.58,9.16,-10.01,-5.19
1777399149210,1785313,-0.61,0.52,-0.60,9.03,-8.91,-5.19
1777399149210,1785323,-0.61,0.54,-0.60,7.20,-7.20,-5.80
1777399149211,1785333,-0.61,0.53,-0.58,4.46,-5.43,-5.80
1777399149211,1785343,-0.62,0.52,-0.57,2.50,-4.58,-5.43
1777399149211,1785353,-0.61,0.53,-0.57,1.40,-4.64,-4.88
1777399149211,1785363,-0.61,0.52,-0.57,1.16,-4.76,-4.09
1777399149211,1785373,-0.60,0.52,-0.56,1.59,-4.52,-3.85
1777399149211,1785383,-0.60,0.52,-0.56,2.38,-4.46,-4.27
1777399149211,1785393,-0.60,0.52,-0.56,3.48,-4.70,-4.82
1777399149211,1785403,-0.61,0.52,-0.57,4.52,-5.19,-4.88
1777399149211,1785413,-0.62,0.52,-0.57,5.07,-5.49,-4.76
1777399149211,1785423,-0.62,0.52,-0.57,5.07,-5.37,-4.52
1777399149212,1785433,-0.62,0.53,-0.57,4.70,-5.19,-3.85
1777399149212,1785443,-0.61,0.52,-0.57,4.03,-5.25,-3.97
1777399149212,1785463,-0.61,0.52,-0.57,3.48,-7.69,-5.74
1777399149212,1785483,-0.62,0.52,-0.58,4.46,-11.17,-5.80
1777399149212,1785503,-0.61,0.52,-0.59,3.36,-12.70,-4.64
1777399149212,1785523,-0.61,0.52,-0.58,1.28,-10.31,-4.15
1777399149212,1785533,-0.61,0.52,-0.57,0.73,-9.09,-4.52
1777399149212,1785543,-0.61,0.52,-0.56,0.67,-8.06,-5.19
1777399149212,1785553,-0.62,0.52,-0.56,1.28,-7.14,-5.55
1777399149213,1785563,-0.62,0.52,-0.56,1.46,-6.77,-5.49
1777399149213,1785573,-0.62,0.52,-0.56,1.10,-6.90,-5.55
1777399149213,1785583,-0.62,0.52,-0.55,0.73,-7.69,-5.62
1777399149213,1785593,-0.63,0.52,-0.54,0.98,-9.40,-5.43
1777399149213,1785603,-0.62,0.52,-0.53,1.77,-11.90,-5.37
1777399149213,1785613,-0.62,0.52,-0.54,3.23,-14.28,-5.80
1777399149213,1785623,-0.62,0.52,-0.54,4.64,-16.36,-6.59
1777399149213,1785633,-0.61,0.52,-0.56,5.43,-17.88,-6.84
1777399149213,1785643,-0.61,0.52,-0.56,5.31,-18.49,-6.96
1777399149213,1785653,-0.61,0.52,-0.56,4.58,-17.76,-7.08
1777399149214,1785663,-0.61,0.52,-0.56,4.09,-16.36,-6.90
1777399149214,1785673,-0.61,0.52,-0.56,3.66,-14.47,-6.71
1777399149214,1785683,-0.62,0.52,-0.55,3.17,-12.15,-6.71
1777399149214,1785693,-0.63,0.52,-0.55,2.99,-9.83,-6.84
1777399149214,1785703,-0.64,0.52,-0.54,2.99,-8.00,-6.59
1777399149214,1785713,-0.63,0.51,-0.54,2.99,-7.08,-6.53
1777399149214,1785723,-0.63,0.52,-0.54,2.75,-6.59,-7.02
1777399149214,1785733,-0.64,0.52,-0.54,2.81,-6.23,-7.02
1777399149214,1785743,-0.64,0.52,-0.54,3.11,-5.92,-7.14
1777399149214,1785753,-0.64,0.52,-0.54,3.72,-6.16,-7.32
1777399149215,1785763,-0.64,0.52,-0.55,4.46,-6.65,-7.26
1777399149215,1785773,-0.64,0.52,-0.55,4.70,-7.14,-7.32
1777399149215,1785783,-0.64,0.52,-0.56,4.64,-7.32,-7.69
1777399149215,1785803,-0.65,0.52,-0.57,3.05,-6.04,-6.84
1777399149215,1785823,-0.66,0.51,-0.55,2.14,-5.43,-5.25
1777399149215,1785843,-0.66,0.52,-0.55,2.20,-5.74,-4.52
1777399149215,1785863,-0.65,0.52,-0.54,2.08,-6.23,-4.15
1777399149215,1785873,-0.65,0.52,-0.53,2.20,-6.71,-4.46
1777399149215,1785883,-0.64,0.51,-0.54,2.75,-7.57,-4.03
1777399149215,1785893,-0.63,0.52,-0.54,3.17,-8.24,-3.54
1777399149216,1785903,-0.62,0.52,-0.55,3.36,-8.42,-3.60
1777399149216,1785913,-0.62,0.52,-0.55,3.23,-7.75,-4.15
1777399149216,1785923,-0.63,0.52,-0.55,2.87,-6.71,-4.88
1777399149216,1785933,-0.64,0.51,-0.55,2.50,-5.62,-4.76
1777399149216,1785943,-0.64,0.51,-0.55,2.01,-4.70,-4.52
1777399149216,1785953,-0.64,0.51,-0.54,1.53,-4.09,-4.82
1777399149216,1785963,-0.64,0.51,-0.53,1.59,-3.91,-5.07
1777399149216,1785973,-0.64,0.51,-0.53,2.32,-4.39,-5.25
1777399149216,1785983,-0.64,0.51,-0.53,3.23,-5.25,-5.62
1777399149217,1785993,-0.65,0.51,-0.53,3.97,-5.86,-5.80
1777399149217,1786003,-0.65,0.51,-0.54,4.03,-6.53,-5.19
1777399149217,1786013,-0.65,0.50,-0.55,3.66,-6.90,-4.46
1777399149217,1786023,-0.65,0.50,-0.55,3.36,-6.65,-4.64
1777399149217,1786033,-0.64,0.51,-0.56,3.23,-5.86,-5.00
1777399149217,1786043,-0.64,0.51,-0.56,3.23,-4.94,-5.07
1777399149217,1786053,-0.65,0.51,-0.56,2.99,-4.27,-5.07
1777399149217,1786063,-0.65,0.51,-0.56,2.56,-4.15,-5.49
1777399149217,1786073,-0.65,0.51,-0.55,2.08,-4.39,-5.68
1777399149217,1786083,-0.65,0.51,-0.55,2.01,-5.19,-5.13
1777399149217,1786093,-0.64,0.51,-0.55,2.14,-5.98,-4.70
1777399149218,1786103,-0.63,0.51,-0.55,2.01,-6.53,-5.13
1777399149218,1786113,-0.63,0.52,-0.55,1.89,-6.23,-5.98
1777399149218,1786123,-0.64,0.51,-0.54,2.08,-5.62,-6.10
1777399149218,1786133,-0.65,0.51,-0.54,2.50,-5.00,-5.62
1777399149218,1786153,-0.64,0.52,-0.55,2.38,-4.15,-4.70
1777399149218,1786173,-0.64,0.51,-0.55,3.05,-3.23,-5.74
1777399149218,1786193,-0.66,0.51,-0.55,2.56,-3.85,-5.86
1777399149218,1786213,-0.66,0.51,-0.54,1.71,-5.68,-4.39
1777399149218,1786223,-0.65,0.51,-0.54,1.59,-6.47,-4.27
1777399149218,1786233,-0.66,0.51,-0.54,1.95,-6.71,-4.15
1777399149219,1786243,-0.65,0.51,-0.54,2.38,-6.23,-3.78
1777399149219,1786253,-0.65,0.51,-0.54,2.56,-5.25,-3.78
1777399149219,1786263,-0.64,0.51,-0.55,2.69,-4.09,-3.97
1777399149219,1786273,-0.63,0.51,-0.55,2.81,-3.17,-4.03
1777399149219,1786283,-0.63,0.51,-0.54,2.69,-3.17,-4.21
1777399149219,1786293,-0.64,0.51,-0.54,2.81,-4.03,-4.70
1777399149219,1786303,-0.64,0.51,-0.55,3.11,-5.37,-5.13
1777399149219,1786313,-0.64,0.52,-0.55,3.23,-6.41,-4.88
1777399149219,1786323,-0.64,0.51,-0.55,2.93,-6.65,-4.76
1777399149220,1786333,-0.64,0.51,-0.56,2.50,-5.98,-4.94
1777399149220,1786343,-0.65,0.52,-0.55,2.08,-5.25,-5.49
1777399149220,1786353,-0.65,0.51,-0.55,1.40,-4.88,-5.43
1777399149220,1786363,-0.66,0.51,-0.54,1.22,-5.00,-4.94
1777399149220,1786373,-0.66,0.51,-0.54,1.53,-5.68,-4.58
1777399149220,1786383,-0.66,0.51,-0.54,1.89,-7.02,-4.27
1777399149220,1786393,-0.66,0.51,-0.54,2.32,-8.48,-3.78
1777399149220,1786403,-0.65,0.51,-0.55,2.69,-9.46,-3.60
1777399149220,1786413,-0.65,0.51,-0.55,2.56,-9.34,-4.21
1777399149220,1786423,-0.64,0.51,-0.55,2.20,-8.18,-4.76
1777399149221,1786433,-0.64,0.51,-0.55,1.77,-6.65,-4.70
1777399149221,1786443,-0.65,0.51,-0.55,1.28,-5.13,-4.76
1777399149221,1786453,-0.66,0.51,-0.54,0.61,-4.15,-5.13
1777399149221,1786463,-0.66,0.50,-0.54,0.49,-3.97,-4.94
1777399149221,1786473,-0.66,0.50,-0.54,1.22,-4.33,-4.70
1777399149221,1786493,-0.65,0.51,-0.54,1.04,-5.19,-3.91
1777399149221,1786513,-0.64,0.51,-0.53,1.28,-4.76,-4.21
1777399149221,1786533,-0.65,0.51,-0.54,2.69,-4.46,-4.76
1777399149221,1786553,-0.64,0.51,-0.54,2.75,-3.72,-4.58
1777399149221,1786563,-0.64,0.52,-0.54,2.44,-3.54,-4.52
1777399149222,1786573,-0.64,0.52,-0.54,2.20,-3.85,-4.39
1777399149222,1786583,-0.64,0.52,-0.54,2.08,-4.21,-4.09
1777399149222,1786593,-0.64,0.52,-0.54,2.08,-4.82,-3.97
1777399149222,1786603,-0.64,0.52,-0.53,2.01,-5.07,-4.52
1777399149222,1786613,-0.65,0.52,-0.53,2.26,-5.19,-5.07
1777399149222,1786623,-0.65,0.52,-0.53,2.62,-5.00,-5.25
1777399149222,1786633,-0.66,0.52,-0.54,3.17,-4.64,-5.07
1777399149222,1786643,-0.66,0.52,-0.54,3.60,-4.27,-4.94
1777399149222,1786653,-0.66,0.52,-0.54,3.48,-4.09,-4.76
1777399149222,1786663,-0.66,0.51,-0.54,3.36,-4.39,-4.58
1777399149223,1786673,-0.66,0.51,-0.53,3.30,-5.31,-4.39
1777399149223,1786683,-0.67,0.51,-0.54,3.60,-6.71,-4.27
1777399149223,1786693,-0.67,0.51,-0.54,3.66,-7.75,-4.03
1777399149223,1786703,-0.68,0.51,-0.53,3.36,-8.36,-4.03
1777399149223,1786713,-0.68,0.50,-0.53,3.48,-10.01,-4.09
1777399149223,1786723,-0.66,0.51,-0.54,4.33,-12.51,-3.78
1777399149223,1786733,-0.66,0.51,-0.55,5.62,-14.77,-3.17
1777399149223,1786743,-0.65,0.51,-0.56,5.37,-14.77,-2.75
1777399149223,1786753,-0.64,0.51,-0.57,4.46,-13.12,-2.81
1777399149223,1786763,-0.64,0.51,-0.57,3.05,-10.44,-2.62
1777399149224,1786773,-0.63,0.51,-0.56,1.53,-6.96,-2.62
1777399149224,1786783,-0.64,0.50,-0.54,0.12,-3.78,-2.99
1777399149224,1786793,-0.65,0.51,-0.53,-0.12,-1.71,-3.23
1777399149224,1786803,-0.64,0.51,-0.52,0.37,-2.50,-3.05
1777399149224,1786813,-0.63,0.50,-0.52,0.67,-3.97,-2.38
1777399149224,1786823,-0.63,0.51,-0.52,1.34,-5.43,-4.21
1777399149224,1786843,-0.63,0.51,-0.53,1.89,-5.25,-4.94
1777399149224,1786863,-0.64,0.51,-0.52,1.28,-3.30,-4.76
1777399149224,1786883,-0.64,0.51,-0.52,2.20,-3.17,-5.55
1777399149225,1786903,-0.65,0.51,-0.53,2.81,-3.72,-5.86
1777399149225,1786913,-0.66,0.51,-0.54,2.87,-3.72,-6.16
1777399149225,1786923,-0.66,0.52,-0.54,2.56,-3.72,-6.23
1777399149225,1786933,-0.66,0.52,-0.54,1.83,-3.85,-5.74
1777399149225,1786943,-0.66,0.52,-0.53,1.59,-4.15,-5.68
1777399149225,1786953,-0.67,0.51,-0.53,1.95,-4.70,-5.74
1777399149225,1786963,-0.67,0.51,-0.53,2.44,-5.43,-5.49
1777399149225,1786973,-0.67,0.52,-0.54,2.44,-5.49,-5.31
1777399149225,1786983,-0.67,0.52,-0.54,1.77,-5.00,-4.70
1777399149225,1786993,-0.67,0.52,-0.53,1.16,-4.33,-4.09
1777399149226,1787003,-0.66,0.52,-0.53,1.28,-4.09,-3.85
1777399149226,1787013,-0.66,0.52,-0.53,1.77,-4.33,-3.85
1777399149226,1787023,-0.66,0.52,-0.54,2.01,-4.46,-3.91
1777399149226,1787033,-0.66,0.52,-0.54,1.77,-3.91,-3.91
1777399149226,1787043,-0.66,0.52,-0.53,1.53,-3.54,-3.72
1777399149226,1787053,-0.66,0.52,-0.53,1.46,-3.85,-3.11
1777399149226,1787063,-0.66,0.51,-0.53,1.28,-4.52,-2.32
1777399149226,1787073,-0.66,0.51,-0.53,1.40,-5.37,-1.95
1777399149226,1787083,-0.65,0.51,-0.53,1.53,-5.92,-1.65
1777399149226,1787093,-0.65,0.51,-0.54,1.59,-6.04,-2.01
1777399149227,1787103,-0.65,0.52,-0.54,1.59,-5.55,-2.75
1777399149227,1787113,-0.64,0.52,-0.53,1.83,-5.13,-2.81
1777399149227,1787123,-0.64,0.51,-0.53,2.14,-5.00,-2.81
1777399149227,1787133,-0.64,0.51,-0.53,2.32,-4.70,-3.36
1777399149227,1787143,-0.65,0.51,-0.53,2.32,-4.27,-3.36
1777399149227,1787153,-0.65,0.51,-0.53,2.32,-4.39,-3.60
1777399149227,1787163,-0.65,0.51,-0.53,2.08,-4.64,-3.60
1777399149227,1787183,-0.64,0.51,-0.53,1.95,-4.15,-3.36
1777399149227,1787203,-0.65,0.51,-0.54,3.23,-4.03,-3.78
1777399149228,1787223,-0.66,0.52,-0.54,2.44,-4.58,-3.85
1777399149228,1787243,-0.65,0.52,-0.53,2.01,-5.68,-3.60
1777399149228,1787253,-0.65,0.52,-0.53,2.32,-5.49,-3.36
1777399149228,1787263,-0.66,0.52,-0.53,2.56,-4.70,-3.85
1777399149228,1787273,-0.67,0.52,-0.52,2.75,-4.09,-4.46
1777399149228,1787283,-0.67,0.52,-0.53,3.05,-4.15,-3.85
1777399149228,1787293,-0.67,0.52,-0.53,3.36,-4.33,-2.81
1777399149228,1787303,-0.66,0.52,-0.53,3.17,-4.82,-2.32
1777399149228,1787313,-0.65,0.52,-0.53,3.05,-5.55,-2.20
1777399149228,1787323,-0.64,0.53,-0.53,2.99,-6.04,-1.83
1777399149229,1787333,-0.64,0.53,-0.53,2.81,-6.23,-1.83
1777399149229,1787343,-0.64,0.53,-0.52,2.32,-5.68,-2.56
1777399149229,1787353,-0.65,0.53,-0.52,2.26,-5.13,-3.23
1777399149229,1787363,-0.66,0.53,-0.51,2.87,-4.70,-3.48
1777399149229,1787373,-0.68,0.53,-0.52,3.85,-5.00,-3.60
1777399149229,1787383,-0.69,0.52,-0.52,4.46,-5.55,-3.11
1777399149229,1787393,-0.69,0.52,-0.54,4.82,-5.86,-2.44
1777399149229,1787403,-0.69,0.52,-0.55,4.46,-5.86,-2.26
1777399149229,1787413,-0.69,0.52,-0.55,3.23,-5.37,-2.44
1777399149229,1787423,-0.70,0.52,-0.56,1.77,-4.94,-2.44
1777399149230,1787433,-0.70,0.51,-0.55,0.61,-5.13,-1.83
1777399149230,1787443,-0.70,0.52,-0.55,0.12,-5.55,-0.55
1777399149230,1787453,-0.69,0.50,-0.54,0.55,-6.84,1.46
1777399149230,1787463,-0.68,0.52,-0.54,0.73,-7.45,2.56
1777399149230,1787473,-0.66,0.51,-0.54,0.37,-8.36,2.87
1777399149230,1787483,-0.66,0.51,-0.52,0.00,-8.61,3.17
1777399149230,1787493,-0.66,0.51,-0.51,-0.12,-9.09,2.87
1777399149230,1787503,-0.67,0.51,-0.51,0.00,-10.68,1.77
1777399149230,1787513,-0.67,0.52,-0.51,-0.24,-13.18,-1.10
1777399149233,1787533,-0.68,0.54,-0.51,-2.44,-22.58,-4.27
1777399149253,1787553,-0.72,0.57,-0.52,-1.40,-26.00,-2.93
1777399149273,1787573,-0.68,0.65,-0.60,-1.71,-21.06,-4.64
1777399149293,1787593,-0.63,0.86,-0.82,-6.96,-17.09,-18.49
1777399149303,1787603,-0.65,0.99,-0.97,-9.58,-11.54,-27.95
1777399149313,1787613,-0.64,1.25,-1.15,-5.19,0.37,-35.10
1777399149323,1787623,-0.60,1.54,-1.39,5.74,19.90,-35.22
1777399149333,1787633,-0.44,1.91,-1.69,21.12,44.43,-27.04
1777399149343,1787643,-0.28,2.35,-1.90,33.39,68.54,-12.15
1777399149353,1787653,-0.08,2.72,-2.03,34.06,79.04,3.30
1777399149363,1787663,0.14,3.00,-2.10,26.98,69.27,11.35
1777399149373,1787673,0.41,3.23,-2.11,21.91,44.01,12.57
1777399149383,1787683,0.67,3.25,-2.05,12.88,4.39,10.25
1777399149393,1787693,1.13,3.22,-2.03,-10.44,-43.27,-3.48
1777399149403,1787703,1.55,2.81,-1.77,-47.18,-72.45,-34.48
1777399149413,1787713,1.93,2.27,-1.55,-76.60,-86.00,-83.07
1777399149423,1787723,2.10,1.51,-1.14,-100.77,-74.28,-155.33
1777399149433,1787733,2.02,0.63,-0.65,-110.96,-45.72,-251.65
1777399149443,1787743,1.69,-0.25,-0.16,-97.41,-12.21,-357.60
1777399149453,1787753,1.11,-1.20,0.43,-54.20,12.45,-443.60
1777399149463,1787763,0.13,-2.17,1.01,10.93,-7.02,-492.31
1777399149473,1787773,-0.85,-2.81,1.40,85.27,-98.88,-482.67
1777399149483,1787783,-1.05,-3.16,0.88,143.07,-247.80,-410.95
1777399149493,1787793,-0.71,-3.45,-0.07,114.38,-355.90,-314.82
1777399149504,1787803,-0.52,-3.65,-0.09,-29.24,-332.21,-249.51
1777399149513,1787813,-1.11,-4.00,0.84,-210.21,-222.53,-224.00
1777399149523,1787823,-2.38,-4.00,1.90,-323.55,-111.39,-225.10
1777399149533,1787833,-3.78,-4.00,2.73,-323.12,-15.14,-205.57
1777399149546,1787843,-4.00,-3.43,3.01,-217.59,57.07,-111.76
1777399149553,1787853,-3.63,-2.64,2.67,-88.38,92.22,253.85
1777399149576,1787873,-0.53,-3.29,1.31,90.82,130.80,376.65
1777399149593,1787893,0.58,-1.77,0.22,78.00,171.08,293.33
1777399149613,1787913,0.35,-1.42,0.47,77.15,77.09,267.03
1777399149633,1787933,0.65,-0.62,-0.34,153.87,-5.55,244.87
1777399149643,1787943,0.78,-0.20,-0.74,169.07,5.37,226.38
1777399149653,1787953,0.71,0.35,-0.89,158.63,35.83,200.93
1777399149663,1787963,0.60,0.81,-0.91,133.00,61.34,182.37
1777399149673,1787973,0.53,0.98,-0.95,106.08,69.95,174.32
1777399149683,1787983,0.42,1.12,-0.93,84.90,61.52,164.86
1777399149693,1787993,0.38,1.26,-1.09,75.56,37.48,152.53
1777399149703,1788003,0.36,1.42,-1.32,76.17,16.05,138.92
1777399149713,1788013,0.29,1.62,-1.56,75.93,11.29,124.69
1777399149723,1788023,0.18,1.79,-1.72,71.53,20.51,115.36
1777399149733,1788033,0.08,1.84,-1.75,61.83,35.40,114.69
1777399149743,1788043,0.13,1.63,-1.75,48.89,47.42,121.03
1777399149753,1788053,0.28,1.36,-1.80,38.15,53.16,119.20
1777399149763,1788063,0.24,1.31,-1.76,25.88,51.57,94.06
1777399149773,1788073,0.12,1.31,-1.57,9.03,37.23,60.18
1777399149783,1788083,-0.01,1.18,-1.48,-5.74,9.83,31.80
1777399149793,1788093,-0.15,1.11,-1.31,-20.14,-22.40,6.84
1777399149803,1788103,-0.26,1.03,-1.23,-24.29,-50.11,-11.17
1777399149813,1788113,-0.36,0.96,-1.17,-22.34,-63.72,-22.46
1777399149823,1788123,-0.45,0.89,-1.09,-21.18,-68.54,-29.30
1777399149833,1788133,-0.53,0.81,-1.00,-19.35,-68.97,-33.57
1777399149843,1788143,-0.60,0.76,-0.93,-13.98,-70.31,-36.56
1777399149853,1788153,-0.63,0.71,-0.90,-5.68,-72.27,-37.48
1777399149863,1788163,-0.65,0.70,-0.91,0.18,-71.59,-35.40
1777399149873,1788173,-0.65,0.67,-0.90,-0.67,-64.45,-29.17
1777399149883,1788183,-0.64,0.63,-0.91,-9.46,-51.64,-22.58
1777399149893,1788193,-0.64,0.63,-0.86,-23.86,-36.56,-17.64
1777399149903,1788203,-0.64,0.63,-0.76,-38.82,-22.95,-8.97
1777399149923,1788223,-0.64,0.62,-0.51,-50.17,-10.62,-1.34
1777399149944,1788243,-0.56,0.58,-0.36,-28.99,-10.86,-2.44
1777399149963,1788263,-0.55,0.58,-0.41,-9.58,-2.99,-9.03
1777399149983,1788283,-0.57,0.59,-0.45,-2.93,10.38,-11.47
1777399149993,1788293,-0.58,0.58,-0.44,-2.01,14.65,-10.56
1777399150003,1788303,-0.58,0.55,-0.46,-0.43,14.65,-9.34
1777399150013,1788313,-0.56,0.54,-0.51,1.95,12.51,-9.03
1777399150023,1788323,-0.57,0.56,-0.54,3.54,10.25,-10.68
1777399150033,1788333,-0.59,0.55,-0.56,3.97,7.32,-12.51
1777399150043,1788343,-0.61,0.54,-0.57,4.76,4.21,-14.40
1777399150053,1788353,-0.63,0.55,-0.59,5.25,1.53,-16.17
1777399150063,1788363,-0.64,0.56,-0.60,4.46,0.12,-15.38
1777399150073,1788373,-0.65,0.55,-0.61,2.44,-0.49,-11.78
1777399150083,1788383,-0.64,0.55,-0.60,-0.31,0.37,-8.73
1777399150093,1788393,-0.64,0.55,-0.59,-3.17,1.83,-7.63
